kode_produk,nama_produk,kategori,satuan_produk,ukuran_harga,harga_satuan,tanggal_pertama_jual,tanggal_terakhir_jual,n_transaksi,total_demand,satuan_stok,n_batch_stok,minggu_sejak_terakhir_jual,status_produk
BLB,BIBIT LIDAH BUAYA,pertanian,BIBIT,3.0,10000.0,2024-01-25,2025-12-04,9,50.0,BIBIT,4,42,tidak_aktif_terbaru
BMG,BAWANG MERAH GORENG,makanan,GR,100.0,15000.0,2024-06-16,2026-08-23,5,34.0,GR,2,5,aktif
BSY,BIBIT SAYURAN,pertanian,POLIBAG,1.0,10000.0,2024-01-22,2025-09-26,9,55.0,POLIBAG,3,52,tidak_aktif_terbaru
BYM,BAYAM,sayuran,IKAT,1.0,4000.0,2024-01-02,2025-12-16,34,237.0,IKAT,4,40,tidak_aktif_terbaru
CKP,COKLAT PERMEN,makanan,GR,100.0,10000.0,2024-06-29,2026-09-15,12,251.0,GR,3,1,aktif
CRG,CIRENG,makanan,PCS,1.0,5000.0,2024-06-23,2026-08-31,4,38.0,PCS,2,3,aktif
GRG,GORENGAN,makanan,PCS,1.0,2000.0,2024-06-23,2026-08-31,4,57.0,PCS,2,3,aktif
HSP,HASIL PANEN,pertanian,IKAT,1.0,3000.0,2024-01-13,2025-12-27,60,464.0,IKAT,9,39,tidak_aktif_terbaru
JGG,JAGUNG,sayuran,KG,1.0,10000.0,2024-01-23,2025-12-04,9,73.0,KG,4,42,tidak_aktif_terbaru
JHE,JAHE,sayuran,GR,250.0,10000.0,2024-05-26,2026-09-19,7,67.0,GR,3,1,aktif
KCT,KACANG TELOR,makanan,GR,250.0,15000.0,2024-06-23,2026-08-31,4,24.0,GR,2,3,aktif
KJG,KERIPIK JAGUNG GEPREK,makanan,GR,100.0,10000.0,2024-06-22,2026-08-27,4,27.0,GR,2,4,aktif
KKG,KANGKUNG,sayuran,IKAT,1.0,3000.0,2024-01-02,2026-08-23,106,838.0,IKAT,9,5,aktif
KMG,KEMANGI,sayuran,IKAT,1.0,1000.0,2024-06-22,2026-08-27,5,31.0,IKAT,2,4,aktif
KNK,KENIKIR,sayuran,IKAT,1.0,2500.0,2025-02-03,2025-06-06,2,6.0,IKAT,2,68,tidak_aktif_terbaru
KRB,KERIPIK BAWANG,makanan,GR,100.0,8000.0,2024-01-13,2025-08-15,7,63.0,GR,2,58,tidak_aktif_terbaru
KRL,KERIPIK LABU,makanan,GR,100.0,10000.0,2024-06-16,2026-08-23,5,30.0,GR,2,5,aktif
KRY,KERIPIK BAYAM,makanan,GR,100.0,10000.0,2024-06-30,2026-09-15,8,50.0,GR,3,1,aktif
LBP,LABU PRIDA,sayuran,KG,1.0,10000.0,2024-05-27,2026-09-24,18,70.3,KG,4,0,aktif
LDB,LIDAH BUAYA,sayuran,KG,1.0,10000.0,2024-01-30,2026-09-14,19,114.0,KG,4,1,aktif
MDT,MEDIA TANAM,pertanian,SACK,1.0,17000.0,2024-01-10,2026-09-11,84,407.0,SACK,13,2,aktif
MLB,MINUMAN LIDAH BUAYA,minuman,BOTOL,1.0,6000.0,2024-01-06,2026-08-14,17,273.0,BOTOL,5,6,aktif
MNJ,MINUMAN JERUK,minuman,BOTOL,1.0,6000.0,2024-06-23,2026-08-31,4,33.0,BOTOL,2,3,aktif
MNM,MINUMAN,minuman,BOTOL,1.0,6000.0,2024-05-20,2026-09-18,7,55.0,BOTOL,3,1,aktif
MNT,MINUMAN TIMUN,minuman,BOTOL,1.0,6000.0,2024-06-23,2026-08-31,4,31.0,BOTOL,2,3,aktif
PKC,PAKCOY,sayuran,GR,200.0,3000.0,2025-04-17,2025-04-17,1,4.0,GR,1,75,tidak_aktif_terbaru
PLB,PERMEN LIDAH BUAYA,makanan,GR,100.0,10000.0,2024-01-01,2025-12-31,68,499.0,GR,8,38,tidak_aktif_terbaru
PMJ,PERMEN JELLY,makanan,GR,100.0,10000.0,2024-06-05,2026-08-13,8,47.0,GR,3,6,aktif
PNP,PUPUK NPK,pertanian,GR,100.0,5000.0,2025-08-15,2025-08-15,1,2.0,GR,1,58,tidak_aktif_terbaru
PPK,PUPUK,pertanian,SACK,1.0,17000.0,2024-05-27,2026-09-20,27,83.0,SACK,3,1,aktif
PSK,PISANG KEPOK,sayuran,SISIR,1.0,20000.0,2024-01-08,2026-10-02,73,280.0,SISIR,8,0,aktif
PYB,PEYEK BAYAM,makanan,GR,100.0,10000.0,2025-09-26,2025-09-26,1,4.0,GR,1,52,tidak_aktif_terbaru
RJK,RUJAK KANGKUNG,makanan,PORSI,1.0,5000.0,2024-06-23,2026-08-31,4,53.0,PORSI,2,3,aktif
SAW,SAWI,sayuran,IKAT,1.0,4000.0,2024-01-02,2025-10-31,25,183.0,IKAT,5,47,tidak_aktif_terbaru
SLD,SELADA,sayuran,GR,200.0,5000.0,2024-01-02,2025-09-03,22,154.0,GR,3,55,tidak_aktif_terbaru
SYR,SAYUR,sayuran,IKAT,1.0,4000.0,2024-01-26,2025-12-05,8,47.0,IKAT,3,42,tidak_aktif_terbaru
TTL,TEH BUNGA TELANG,minuman,GR,10.0,5000.0,2024-06-22,2026-08-31,9,53.0,GR,2,3,aktif
URE,UREA,pertanian,GR,100.0,5000.0,2025-08-15,2025-08-15,1,4.0,GR,1,58,tidak_aktif_terbaru
