kode_produk,split,metode,mae,rmse,mape,mase,n_minggu,n_pos,mape_bermakna
MDT,test,croston_sba,2.837699903753596,3.3075612943386785,140.97345593493014,0.5054159383308817,25,13,1
MDT,test,arima,2.67601781581278,3.5528210650729815,95.55789693900923,0.4766191286048736,25,13,1
KKG,test,croston_sba,6.111913098737575,8.58167717843743,294.8837464206434,0.5540706267079858,25,5,1
KKG,test,arima,5.234553017765919,8.91635455035961,198.12265796736,0.47453424553578893,25,5,1
LDB,test,croston_sba,1.1103791646019554,1.6661824196164008,68.34653846829731,0.5834195610620443,25,3,1
LDB,test,arima,0.7903228386189332,1.67631030019532,33.51331502445245,0.4152543728336767,25,3,1
PSK,test,croston_sba,1.432376557845425,1.991327933573658,92.58882556632662,0.3798567667214387,25,7,1
PSK,test,arima,1.0818772543347208,1.8736568497867279,60.07599795503224,0.28690667518268836,25,7,1
MLB,test,croston_sba,5.370393716548384,12.00441281730432,214.27285958592844,1.60285597078521,25,4,1
MLB,test,arima,4.470356275472779,12.105203664817772,109.75471368171176,1.3342294114487985,25,4,1
PPK,test,croston_sba,1.8905201410475818,2.923741251864618,85.29339431639153,1.8659679314235873,25,9,1
PPK,test,arima,1.7701051917382167,2.991755149704955,64.88503177706518,1.7471168126247334,25,9,1
CKP,test,croston_sba,2.4230980612681603,2.8988376188082947,182.87642348204483,0.44167863395267737,25,3,1
CKP,test,arima,1.8603328793618166,3.6072030477174133,107.2992393878339,0.33909865142797674,25,3,1
PMJ,test,croston_sba,1.015262701775075,1.4442360111004777,66.97080386157586,1.9036175658282657,25,3,1
PMJ,test,arima,1.1413501501675556,2.389059285506669,84.70523878397002,2.140031531564167,25,3,1
LBP,test,croston_sba,1.0663241298370911,2.010557608880329,59.26781567171201,0.9105689198608868,25,2,1
LBP,test,arima,0.6888618692225427,2.0821494222294707,18.034293188024378,0.5882415961900365,25,2,1
