kode_produk,tanggal,demand,pendapatan,n_transaksi,ada_bazaar,ada_mini_bazaar
BLB,2024-01-25,6.0,60000.0,1,0,0
BLB,2024-03-02,11.0,110000.0,1,1,0
BLB,2024-04-06,7.0,70000.0,1,1,0
BLB,2024-05-11,3.0,30000.0,1,1,0
BLB,2024-08-03,11.0,110000.0,1,1,0
BLB,2024-09-07,7.0,70000.0,1,1,0
BLB,2024-10-12,3.0,30000.0,1,1,0
BLB,2025-09-26,1.0,10000.0,1,0,1
BLB,2025-12-04,1.0,10000.0,1,1,0
BMG,2024-06-16,7.0,105000.0,1,0,1
BMG,2026-05-15,8.0,120000.0,1,0,1
BMG,2026-06-22,10.0,150000.0,1,1,0
BMG,2026-07-03,6.0,90000.0,1,0,1
BMG,2026-08-23,3.0,45000.0,1,0,1
BSY,2024-01-22,11.0,100000.0,1,0,0
BSY,2024-02-23,7.0,70000.0,1,0,0
BSY,2024-03-31,4.0,40000.0,1,0,1
BSY,2024-05-05,9.0,90000.0,1,0,1
BSY,2024-07-29,7.0,70000.0,1,0,0
BSY,2024-09-01,4.0,40000.0,1,0,1
BSY,2024-10-06,9.0,90000.0,1,0,1
BSY,2025-08-15,3.0,30000.0,1,1,0
BSY,2025-09-26,1.0,10000.0,1,0,1
BYM,2024-01-02,6.0,24000.0,1,0,0
BYM,2024-01-09,8.0,30000.0,1,0,0
BYM,2024-01-18,4.0,16000.0,1,0,0
BYM,2024-01-29,2.0,8000.0,1,0,0
BYM,2024-02-08,4.0,16000.0,1,0,0
BYM,2024-02-13,4.0,16000.0,1,0,0
BYM,2024-02-21,9.0,36000.0,1,0,0
BYM,2024-03-02,9.0,36000.0,1,1,0
BYM,2024-03-12,17.0,68000.0,2,0,0
BYM,2024-03-19,11.0,44000.0,1,0,0
BYM,2024-03-27,4.0,16000.0,1,0,0
BYM,2024-04-09,5.0,20000.0,1,0,0
BYM,2024-04-19,6.0,24000.0,1,0,0
BYM,2024-04-23,7.0,28000.0,1,0,0
BYM,2024-05-01,10.0,40000.0,1,0,0
BYM,2024-05-14,10.0,40000.0,1,0,0
BYM,2024-07-25,9.0,36000.0,1,0,0
BYM,2024-08-03,9.0,36000.0,1,1,0
BYM,2024-08-13,6.0,24000.0,1,0,0
BYM,2024-08-20,11.0,44000.0,1,0,0
BYM,2024-08-28,4.0,16000.0,1,0,0
BYM,2024-09-10,5.0,20000.0,1,0,0
BYM,2024-09-20,6.0,24000.0,1,0,0
BYM,2024-09-24,7.0,28000.0,1,0,0
BYM,2024-10-02,10.0,40000.0,1,0,0
BYM,2024-10-15,10.0,40000.0,1,0,0
BYM,2025-07-18,6.0,24000.0,1,0,0
BYM,2025-08-04,15.0,60000.0,2,0,0
BYM,2025-08-16,6.0,24000.0,1,0,0
BYM,2025-08-20,5.0,20000.0,1,0,0
BYM,2025-08-21,6.0,24000.0,1,0,0
BYM,2025-12-16,6.0,24000.0,1,0,0
CKP,2024-06-29,9.0,90000.0,1,1,0
CKP,2025-06-13,4.0,40000.0,1,1,0
CKP,2026-02-04,12.0,120000.0,1,1,0
CKP,2026-02-06,5.0,50000.0,1,0,0
CKP,2026-02-10,180.0,1800000.0,1,0,0
CKP,2026-03-13,4.0,40000.0,2,0,0
CKP,2026-03-29,4.0,40000.0,1,0,0
CKP,2026-03-30,10.0,100000.0,1,1,0
CKP,2026-05-12,12.0,120000.0,1,0,1
CKP,2026-07-18,6.0,60000.0,1,0,0
CKP,2026-09-15,5.0,50000.0,1,1,0
CRG,2024-06-23,7.0,35000.0,1,0,1
CRG,2026-05-12,10.0,50000.0,1,0,1
CRG,2026-07-03,17.0,85000.0,1,0,1
CRG,2026-08-31,4.0,20000.0,1,0,1
GRG,2024-06-23,3.0,6000.0,1,0,1
GRG,2026-05-12,4.0,8000.0,1,0,1
GRG,2026-07-03,40.0,80000.0,1,0,1
GRG,2026-08-31,10.0,20000.0,1,0,1
HSP,2024-01-13,8.0,24000.0,1,1,0
HSP,2024-01-23,7.0,21000.0,1,0,0
HSP,2024-01-24,18.0,54000.0,2,0,0
HSP,2024-01-25,3.0,9000.0,1,0,0
HSP,2024-01-30,7.0,21000.0,1,0,0
HSP,2024-02-02,9.0,27000.0,1,0,0
HSP,2024-02-17,2.0,6000.0,1,1,0
HSP,2024-02-27,9.0,27000.0,2,0,0
HSP,2024-02-28,15.0,45000.0,2,0,0
HSP,2024-03-04,4.0,12000.0,1,0,0
HSP,2024-03-07,5.0,15000.0,1,0,0
HSP,2024-03-23,8.0,24000.0,1,1,0
HSP,2024-04-02,21.0,63000.0,2,0,0
HSP,2024-04-03,10.0,30000.0,2,0,0
HSP,2024-04-10,8.0,24000.0,1,0,0
HSP,2024-04-15,10.0,30000.0,1,0,0
HSP,2024-04-27,6.0,18000.0,1,1,0
HSP,2024-05-07,13.0,39000.0,2,0,0
HSP,2024-05-08,21.0,63000.0,2,0,0
HSP,2024-05-15,5.0,15000.0,1,0,0
HSP,2024-07-30,4.0,12000.0,1,0,0
HSP,2024-07-31,12.0,36000.0,2,0,0
HSP,2024-08-01,8.0,24000.0,1,0,0
HSP,2024-08-05,4.0,12000.0,1,0,0
HSP,2024-08-08,5.0,15000.0,1,0,0
HSP,2024-08-24,8.0,24000.0,1,1,0
HSP,2024-09-03,21.0,63000.0,2,0,0
HSP,2024-09-04,10.0,30000.0,2,0,0
HSP,2024-09-11,8.0,24000.0,1,0,0
HSP,2024-09-16,10.0,30000.0,1,0,0
HSP,2024-09-28,6.0,18000.0,1,1,0
HSP,2024-10-08,13.0,39000.0,2,0,0
HSP,2024-10-09,21.0,63000.0,2,0,0
HSP,2024-10-16,5.0,15000.0,1,0,0
HSP,2025-04-17,33.0,99000.0,3,0,0
HSP,2025-06-06,11.0,33000.0,1,0,0
HSP,2025-07-04,7.0,20000.0,1,0,0
HSP,2025-07-18,9.0,27000.0,1,0,0
HSP,2025-08-15,15.0,45000.0,1,1,0
HSP,2025-10-17,10.0,30000.0,1,0,0
HSP,2025-11-20,41.0,123000.0,4,0,0
HSP,2025-12-19,10.0,30000.0,1,0,0
HSP,2025-12-27,4.0,12000.0,1,0,0
JGG,2024-01-23,6.0,60000.0,1,0,0
JGG,2024-02-26,12.0,120000.0,1,0,0
JGG,2024-04-01,6.0,60000.0,1,0,0
JGG,2024-05-06,3.0,30000.0,1,0,0
JGG,2024-07-30,12.0,120000.0,1,0,0
JGG,2024-09-02,6.0,60000.0,1,0,0
JGG,2024-10-07,3.0,30000.0,1,0,0
JGG,2025-10-17,4.0,40000.0,1,0,0
JGG,2025-12-04,21.0,210000.0,1,1,0
JHE,2024-05-26,8.0,80000.0,1,0,1
JHE,2024-07-07,4.0,40000.0,1,0,1
JHE,2025-06-26,10.0,100000.0,1,0,1
JHE,2026-02-04,12.0,120000.0,1,1,0
JHE,2026-07-03,19.0,190000.0,1,0,1
JHE,2026-07-20,4.0,40000.0,1,0,1
JHE,2026-09-19,10.0,100000.0,1,0,1
KCT,2024-06-23,7.0,100000.0,1,0,1
KCT,2026-05-12,10.0,150000.0,1,0,1
KCT,2026-07-03,3.0,45000.0,1,0,1
KCT,2026-08-31,4.0,60000.0,1,0,1
KJG,2024-06-22,6.0,60000.0,1,1,0
KJG,2026-05-09,7.0,70000.0,1,1,0
KJG,2026-06-22,3.0,30000.0,1,1,0
KJG,2026-08-27,11.0,110000.0,1,1,0
KKG,2024-01-02,8.0,24000.0,1,0,0
KKG,2024-01-06,6.0,18000.0,1,1,0
KKG,2024-01-08,4.0,12000.0,1,0,0
KKG,2024-01-15,2.0,6000.0,1,0,0
KKG,2024-01-16,12.0,36000.0,2,0,0
KKG,2024-01-17,20.0,60000.0,2,0,0
KKG,2024-01-19,17.0,51000.0,2,0,0
KKG,2024-01-31,9.0,27000.0,1,0,0
KKG,2024-02-01,3.0,9000.0,1,0,0
KKG,2024-02-07,8.0,24000.0,1,0,0
KKG,2024-02-12,19.0,57000.0,2,0,0
KKG,2024-02-19,22.0,66000.0,2,0,0
KKG,2024-02-20,9.0,27000.0,2,0,0
KKG,2024-02-21,7.0,21000.0,1,0,0
KKG,2024-02-22,9.0,27000.0,1,0,0
KKG,2024-02-23,4.0,12000.0,1,0,0
KKG,2024-03-04,4.0,12000.0,1,0,0
KKG,2024-03-05,9.0,27000.0,1,0,0
KKG,2024-03-12,5.0,15000.0,1,0,0
KKG,2024-03-18,17.0,51000.0,2,0,0
KKG,2024-03-25,12.0,36000.0,2,0,0
KKG,2024-03-26,22.0,66000.0,2,0,0
KKG,2024-03-27,4.0,12000.0,1,0,0
KKG,2024-03-28,12.0,36000.0,1,0,0
KKG,2024-03-29,11.0,30000.0,1,0,0
KKG,2024-04-11,10.0,30000.0,1,0,0
KKG,2024-04-12,6.0,18000.0,1,0,0
KKG,2024-04-18,10.0,30000.0,1,0,0
KKG,2024-04-22,11.0,33000.0,2,0,0
KKG,2024-04-29,14.0,42000.0,2,0,0
KKG,2024-04-30,11.0,33000.0,2,0,0
KKG,2024-05-01,10.0,30000.0,1,0,0
KKG,2024-05-02,10.0,30000.0,1,0,0
KKG,2024-05-03,7.0,21000.0,1,0,0
KKG,2024-05-16,8.0,24000.0,1,0,0
KKG,2024-05-17,11.0,33000.0,1,0,0
KKG,2024-06-12,11.0,33000.0,1,0,0
KKG,2024-06-16,10.0,30000.0,1,0,1
KKG,2024-07-22,10.0,30000.0,1,0,0
KKG,2024-07-23,16.0,48000.0,2,0,0
KKG,2024-07-24,12.0,36000.0,2,0,0
KKG,2024-07-26,4.0,12000.0,1,0,0
KKG,2024-08-05,4.0,12000.0,1,0,0
KKG,2024-08-06,9.0,27000.0,1,0,0
KKG,2024-08-13,9.0,27000.0,1,0,0
KKG,2024-08-19,13.0,39000.0,2,0,0
KKG,2024-08-26,12.0,36000.0,2,0,0
KKG,2024-08-27,22.0,66000.0,2,0,0
KKG,2024-08-28,4.0,12000.0,1,0,0
KKG,2024-08-29,8.0,24000.0,1,0,0
KKG,2024-08-30,11.0,33000.0,1,0,0
KKG,2024-09-12,10.0,30000.0,1,0,0
KKG,2024-09-13,6.0,18000.0,1,0,0
KKG,2024-09-23,4.0,12000.0,1,0,0
KKG,2024-09-30,14.0,42000.0,2,0,0
KKG,2024-10-01,11.0,33000.0,2,0,0
KKG,2024-10-02,10.0,30000.0,1,0,0
KKG,2024-10-04,7.0,21000.0,1,0,0
KKG,2024-10-17,8.0,24000.0,1,0,0
KKG,2024-10-18,11.0,33000.0,1,0,0
KKG,2025-01-30,5.0,15000.0,1,0,0
KKG,2025-07-14,18.0,54000.0,3,0,0
KKG,2025-07-18,7.0,21000.0,1,0,0
KKG,2025-08-16,16.0,48000.0,2,0,0
KKG,2025-08-17,8.0,24000.0,1,0,0
KKG,2025-08-18,12.0,36000.0,2,0,0
KKG,2025-08-19,16.0,48000.0,2,0,0
KKG,2025-08-23,10.0,30000.0,1,0,0
KKG,2025-08-29,5.0,15000.0,1,0,0
KKG,2025-08-30,19.0,57000.0,2,0,0
KKG,2025-09-03,5.0,15000.0,1,0,0
KKG,2025-12-04,8.0,24000.0,1,1,0
KKG,2025-12-20,3.0,9000.0,1,0,0
KKG,2025-12-23,8.0,24000.0,1,0,0
KKG,2026-05-14,11.0,33000.0,1,0,0
KKG,2026-05-15,11.0,30000.0,1,0,1
KKG,2026-06-05,11.0,33000.0,1,0,0
KKG,2026-06-22,21.0,63000.0,1,1,0
KKG,2026-07-03,30.0,90000.0,1,0,1
KKG,2026-08-22,11.0,33000.0,1,0,0
KKG,2026-08-23,4.0,12000.0,1,0,1
KMG,2024-06-22,10.0,10000.0,1,1,0
KMG,2025-02-03,3.0,3000.0,1,0,0
KMG,2026-05-09,4.0,4000.0,1,1,0
KMG,2026-06-22,6.0,6000.0,1,1,0
KMG,2026-08-27,8.0,8000.0,1,1,0
KNK,2025-02-03,2.0,5000.0,1,0,0
KNK,2025-06-06,4.0,10000.0,1,0,0
KRB,2024-01-13,9.0,72000.0,1,1,0
KRB,2024-02-17,6.0,48000.0,1,1,0
KRB,2024-03-23,12.0,96000.0,1,1,0
KRB,2024-04-27,6.0,48000.0,1,1,0
KRB,2024-08-24,12.0,96000.0,1,1,0
KRB,2024-09-28,6.0,48000.0,1,1,0
KRB,2025-08-15,12.0,96000.0,1,1,0
KRL,2024-06-16,4.0,40000.0,1,0,1
KRL,2026-05-15,8.0,80000.0,1,0,1
KRL,2026-06-22,6.0,60000.0,1,1,0
KRL,2026-07-03,2.0,20000.0,1,0,1
KRL,2026-08-23,10.0,100000.0,1,0,1
KRY,2024-06-30,11.0,110000.0,1,0,1
KRY,2025-06-14,6.0,60000.0,1,0,1
KRY,2026-02-04,12.0,120000.0,1,1,0
KRY,2026-05-12,3.0,30000.0,1,0,1
KRY,2026-06-22,1.0,10000.0,1,1,0
KRY,2026-07-03,2.0,20000.0,1,0,1
KRY,2026-07-20,9.0,90000.0,1,0,1
KRY,2026-09-15,6.0,60000.0,1,0,1
LBP,2024-05-27,10.0,100000.0,1,0,0
LBP,2024-05-28,7.0,70000.0,2,0,0
LBP,2024-07-08,10.0,100000.0,1,0,0
LBP,2024-07-09,14.0,140000.0,2,0,0
LBP,2025-06-05,2.1,21000.0,1,0,0
LBP,2026-02-16,7.4,74000.0,3,0,0
LBP,2026-03-31,2.0,20000.0,1,0,0
LBP,2026-04-02,3.0,30000.0,1,0,0
LBP,2026-07-20,7.4,74000.0,3,1,0
LBP,2026-09-22,2.8,28000.0,1,0,0
LBP,2026-09-23,2.6,26000.0,1,0,0
LBP,2026-09-24,2.0,20000.0,1,0,0
LDB,2024-01-30,5.0,50000.0,1,0,0
LDB,2024-03-02,10.0,100000.0,1,1,0
LDB,2024-04-10,7.0,70000.0,1,0,0
LDB,2024-05-15,4.0,40000.0,1,0,0
LDB,2024-06-25,5.0,50000.0,1,0,0
LDB,2024-08-03,10.0,100000.0,1,1,0
LDB,2024-09-11,7.0,70000.0,1,0,0
LDB,2024-10-16,4.0,40000.0,1,0,0
LDB,2025-02-25,10.0,100000.0,1,0,0
LDB,2025-04-17,5.0,50000.0,1,0,0
LDB,2025-06-09,5.0,50000.0,1,0,0
LDB,2025-08-04,5.0,50000.0,1,0,0
LDB,2025-08-15,3.0,30000.0,1,1,0
LDB,2025-12-05,5.0,50000.0,1,0,0
LDB,2025-12-18,9.0,90000.0,1,0,0
LDB,2026-02-04,5.0,50000.0,1,0,0
LDB,2026-07-17,5.0,50000.0,1,0,0
LDB,2026-08-26,5.0,50000.0,1,0,0
LDB,2026-09-14,5.0,50000.0,1,0,0
MDT,2024-01-10,7.0,118000.0,2,0,0
MDT,2024-01-26,8.0,136000.0,1,0,0
MDT,2024-01-29,12.0,204000.0,1,0,0
MDT,2024-01-31,10.0,170000.0,1,0,0
MDT,2024-02-14,8.0,130000.0,1,0,0
MDT,2024-02-15,10.0,170000.0,1,0,0
MDT,2024-03-02,14.0,236000.0,2,1,0
MDT,2024-03-05,7.0,119000.0,1,0,0
MDT,2024-03-20,6.0,102000.0,1,0,0
MDT,2024-03-21,6.0,102000.0,1,0,0
MDT,2024-04-08,11.0,187000.0,1,0,0
MDT,2024-04-09,3.0,51000.0,1,0,0
MDT,2024-04-11,4.0,68000.0,1,0,0
MDT,2024-04-24,12.0,204000.0,1,0,0
MDT,2024-04-25,3.0,51000.0,1,0,0
MDT,2024-05-13,8.0,136000.0,1,0,0
MDT,2024-05-14,10.0,170000.0,1,0,0
MDT,2024-05-16,9.0,153000.0,1,0,0
MDT,2024-06-04,2.0,34000.0,1,0,0
MDT,2024-06-10,8.0,134000.0,2,0,0
MDT,2024-06-11,2.0,34000.0,1,0,0
MDT,2024-06-12,3.0,51000.0,1,0,0
MDT,2024-06-24,4.0,68000.0,2,0,0
MDT,2024-07-16,11.0,187000.0,1,0,0
MDT,2024-07-22,10.0,170000.0,1,0,0
MDT,2024-08-03,14.0,238000.0,2,1,0
MDT,2024-08-06,7.0,119000.0,1,0,0
MDT,2024-08-21,6.0,102000.0,1,0,0
MDT,2024-08-22,6.0,102000.0,1,0,0
MDT,2024-09-09,11.0,187000.0,1,0,0
MDT,2024-09-10,3.0,51000.0,1,0,0
MDT,2024-09-12,4.0,68000.0,1,0,0
MDT,2024-09-25,12.0,204000.0,1,0,0
MDT,2024-09-26,3.0,51000.0,1,0,0
MDT,2024-10-14,8.0,136000.0,1,0,0
MDT,2024-10-15,10.0,170000.0,1,0,0
MDT,2024-10-17,9.0,153000.0,1,0,0
MDT,2025-02-25,3.0,50000.0,1,0,0
MDT,2025-04-15,5.0,85000.0,2,0,0
MDT,2025-04-21,3.0,51000.0,1,0,0
MDT,2025-05-01,3.0,51000.0,1,0,0
MDT,2025-05-23,2.0,34000.0,1,0,0
MDT,2025-06-03,4.0,68000.0,2,0,0
MDT,2025-07-10,3.0,51000.0,1,0,0
MDT,2025-08-09,5.0,85000.0,2,0,0
MDT,2025-08-11,4.0,68000.0,1,0,0
MDT,2025-09-23,7.0,119000.0,1,0,0
MDT,2025-10-10,4.0,68000.0,1,0,0
MDT,2025-10-17,3.0,51000.0,1,0,0
MDT,2025-12-12,2.0,34000.0,1,0,0
MDT,2025-12-14,4.0,68000.0,1,0,0
MDT,2025-12-15,5.0,85000.0,1,0,0
MDT,2025-12-22,4.0,68000.0,1,0,0
MDT,2026-04-11,3.0,51000.0,1,0,0
MDT,2026-04-19,3.0,51000.0,1,0,0
MDT,2026-04-22,4.0,68000.0,2,0,0
MDT,2026-05-02,6.0,102000.0,1,0,0
MDT,2026-05-05,2.0,34000.0,1,0,0
MDT,2026-05-06,2.0,34000.0,1,0,0
MDT,2026-05-13,2.0,34000.0,1,0,0
MDT,2026-05-14,3.0,51000.0,1,0,0
MDT,2026-05-17,6.0,101000.0,2,0,0
MDT,2026-06-08,6.0,102000.0,1,0,0
MDT,2026-07-14,4.0,68000.0,2,0,0
MDT,2026-08-09,3.0,51000.0,1,0,0
MDT,2026-08-15,6.0,102000.0,1,0,0
MDT,2026-08-17,2.0,34000.0,1,0,0
MDT,2026-08-18,2.0,34000.0,1,0,0
MDT,2026-08-21,3.0,51000.0,1,0,0
MDT,2026-08-24,1.0,17000.0,1,0,0
MDT,2026-08-25,3.0,51000.0,1,0,0
MDT,2026-09-10,1.0,17000.0,1,0,0
MDT,2026-09-11,3.0,51000.0,1,0,0
MLB,2024-01-06,9.0,50000.0,1,1,0
MLB,2024-02-10,4.0,24000.0,1,1,0
MLB,2024-03-16,10.0,60000.0,1,1,0
MLB,2024-04-20,7.0,42000.0,1,1,0
MLB,2024-06-09,10.0,60000.0,1,0,1
MLB,2024-07-21,10.0,60000.0,1,0,1
MLB,2024-08-17,10.0,60000.0,1,1,0
MLB,2024-09-21,7.0,40000.0,1,1,0
MLB,2025-06-29,15.0,90000.0,1,1,0
MLB,2025-08-15,22.0,132000.0,1,1,0
MLB,2025-09-26,35.0,210000.0,1,0,1
MLB,2025-12-04,15.0,90000.0,1,1,0
MLB,2026-03-30,26.0,156000.0,1,1,0
MLB,2026-04-15,4.0,24000.0,1,0,1
MLB,2026-06-22,55.0,330000.0,1,1,0
MLB,2026-07-03,27.0,162000.0,1,0,1
MLB,2026-08-14,7.0,42000.0,1,0,1
MNJ,2024-06-23,10.0,60000.0,1,0,1
MNJ,2026-05-12,10.0,60000.0,1,0,1
MNJ,2026-07-03,8.0,48000.0,1,0,1
MNJ,2026-08-31,5.0,30000.0,1,0,1
MNM,2024-05-20,4.0,24000.0,1,0,0
MNM,2024-07-01,4.0,24000.0,1,0,0
MNM,2025-06-24,7.0,42000.0,1,0,0
MNM,2026-02-04,12.0,72000.0,1,1,0
MNM,2026-02-06,10.0,60000.0,1,0,0
MNM,2026-07-20,10.0,60000.0,1,1,0
MNM,2026-09-18,8.0,48000.0,1,0,0
MNT,2024-06-23,11.0,66000.0,1,0,1
MNT,2026-05-12,2.0,12000.0,1,0,1
MNT,2026-07-03,10.0,60000.0,1,0,1
MNT,2026-08-31,8.0,48000.0,1,0,1
PKC,2025-04-17,4.0,12000.0,1,0,0
PLB,2024-01-01,4.0,40000.0,2,0,0
PLB,2024-01-06,10.0,100000.0,1,1,0
PLB,2024-01-15,12.0,120000.0,1,0,0
PLB,2024-02-01,12.0,120000.0,2,0,0
PLB,2024-02-05,16.0,160000.0,2,0,0
PLB,2024-02-06,13.0,130000.0,2,0,0
PLB,2024-02-07,10.0,100000.0,1,0,0
PLB,2024-02-10,6.0,60000.0,1,1,0
PLB,2024-02-17,8.0,80000.0,1,1,0
PLB,2024-03-06,15.0,150000.0,2,0,0
PLB,2024-03-07,8.0,80000.0,1,0,0
PLB,2024-03-08,21.0,210000.0,2,0,0
PLB,2024-03-11,8.0,80000.0,2,0,0
PLB,2024-03-16,3.0,30000.0,1,1,0
PLB,2024-03-23,3.0,30000.0,1,1,0
PLB,2024-04-12,8.0,80000.0,1,0,0
PLB,2024-04-15,10.0,100000.0,1,0,0
PLB,2024-04-16,9.0,90000.0,2,0,0
PLB,2024-04-17,15.0,150000.0,2,0,0
PLB,2024-04-18,11.0,110000.0,1,0,0
PLB,2024-04-20,8.0,80000.0,1,1,0
PLB,2024-04-27,9.0,90000.0,1,1,0
PLB,2024-08-07,15.0,150000.0,2,0,0
PLB,2024-08-08,8.0,80000.0,1,0,0
PLB,2024-08-09,21.0,210000.0,2,0,0
PLB,2024-08-12,8.0,80000.0,2,0,0
PLB,2024-08-17,3.0,30000.0,1,1,0
PLB,2024-08-24,3.0,30000.0,1,1,0
PLB,2024-09-13,8.0,80000.0,1,0,0
PLB,2024-09-16,10.0,100000.0,1,0,0
PLB,2024-09-17,9.0,90000.0,2,0,0
PLB,2024-09-18,15.0,150000.0,2,0,0
PLB,2024-09-19,11.0,110000.0,1,0,0
PLB,2024-09-21,8.0,80000.0,1,1,0
PLB,2024-09-28,9.0,90000.0,1,1,0
PLB,2025-05-02,1.0,10000.0,1,0,0
PLB,2025-05-03,3.0,30000.0,2,0,0
PLB,2025-05-09,20.0,200000.0,5,0,0
PLB,2025-05-10,6.0,60000.0,2,0,0
PLB,2025-06-29,24.0,240000.0,1,1,0
PLB,2025-07-01,20.0,200000.0,1,0,0
PLB,2025-08-15,36.0,360000.0,2,1,0
PLB,2025-12-24,8.0,80000.0,1,0,0
PLB,2025-12-26,12.0,120000.0,1,0,0
PLB,2025-12-28,6.0,60000.0,1,0,0
PLB,2025-12-30,8.0,80000.0,1,0,0
PLB,2025-12-31,8.0,80000.0,1,0,0
PMJ,2024-06-05,10.0,100000.0,1,0,0
PMJ,2024-07-17,8.0,80000.0,1,0,0
PMJ,2025-09-26,2.0,20000.0,1,0,1
PMJ,2026-03-29,4.0,40000.0,1,0,0
PMJ,2026-03-30,10.0,100000.0,1,1,0
PMJ,2026-04-13,4.0,40000.0,1,0,0
PMJ,2026-04-20,5.0,50000.0,1,0,0
PMJ,2026-08-13,4.0,40000.0,1,0,0
PNP,2025-08-15,2.0,10000.0,1,1,0
PPK,2024-05-27,9.0,150000.0,1,0,0
PPK,2024-06-11,4.0,68000.0,2,0,0
PPK,2024-06-12,1.0,17000.0,1,0,0
PPK,2024-06-25,4.0,68000.0,1,0,0
PPK,2024-07-08,7.0,119000.0,1,0,0
PPK,2025-06-04,4.0,68000.0,1,0,0
PPK,2025-06-06,4.0,68000.0,1,0,0
PPK,2026-01-30,2.0,34000.0,1,0,0
PPK,2026-02-12,4.0,68000.0,1,0,0
PPK,2026-03-05,4.0,68000.0,1,0,0
PPK,2026-04-23,2.0,34000.0,2,0,0
PPK,2026-05-04,1.0,17000.0,1,0,0
PPK,2026-05-13,1.0,17000.0,1,0,0
PPK,2026-05-14,4.0,68000.0,2,0,0
PPK,2026-05-16,4.0,68000.0,1,0,0
PPK,2026-05-17,3.0,51000.0,1,0,0
PPK,2026-07-16,4.0,68000.0,1,0,0
PPK,2026-07-20,4.0,68000.0,1,1,0
PPK,2026-08-18,1.0,17000.0,1,0,0
PPK,2026-08-19,4.0,68000.0,2,0,0
PPK,2026-08-26,4.0,68000.0,1,0,0
PPK,2026-09-12,4.0,68000.0,1,0,0
PPK,2026-09-20,4.0,68000.0,1,0,0
PSK,2024-01-08,7.0,140000.0,1,0,0
PSK,2024-01-09,10.0,200000.0,1,0,0
PSK,2024-02-13,4.0,80000.0,1,0,0
PSK,2024-02-14,6.0,120000.0,1,0,0
PSK,2024-03-19,9.0,180000.0,1,0,0
PSK,2024-03-20,4.0,80000.0,1,0,0
PSK,2024-04-23,6.0,120000.0,1,0,0
PSK,2024-04-24,10.0,200000.0,1,0,0
PSK,2024-05-29,15.0,300000.0,2,0,0
PSK,2024-05-30,13.0,260000.0,2,0,0
PSK,2024-05-31,11.0,220000.0,2,0,0
PSK,2024-06-03,20.0,400000.0,2,0,0
PSK,2024-06-04,5.0,100000.0,1,0,0
PSK,2024-06-05,7.0,140000.0,1,0,0
PSK,2024-07-10,11.0,220000.0,2,0,0
PSK,2024-07-11,20.0,400000.0,2,0,0
PSK,2024-07-12,7.0,140000.0,2,0,0
PSK,2024-07-15,15.0,300000.0,2,0,0
PSK,2024-07-16,3.0,60000.0,1,0,0
PSK,2024-07-17,6.0,120000.0,1,0,0
PSK,2024-08-20,9.0,180000.0,1,0,0
PSK,2024-08-21,4.0,80000.0,1,0,0
PSK,2024-09-24,6.0,120000.0,1,0,0
PSK,2024-09-25,10.0,200000.0,1,0,0
PSK,2025-07-16,5.0,100000.0,3,0,0
PSK,2025-08-04,1.0,20000.0,1,0,0
PSK,2026-03-16,17.0,340000.0,11,1,0
PSK,2026-04-02,1.0,20000.0,1,0,0
PSK,2026-04-03,1.0,20000.0,1,0,0
PSK,2026-04-04,2.0,40000.0,1,0,0
PSK,2026-04-05,5.0,100000.0,3,0,0
PSK,2026-04-08,2.0,40000.0,1,0,0
PSK,2026-04-11,3.0,60000.0,2,0,0
PSK,2026-04-13,1.0,20000.0,1,0,0
PSK,2026-07-20,2.0,40000.0,2,1,0
PSK,2026-08-01,2.0,40000.0,1,0,0
PSK,2026-08-02,1.0,20000.0,1,0,0
PSK,2026-08-03,2.0,40000.0,1,0,0
PSK,2026-08-05,2.0,40000.0,1,0,0
PSK,2026-08-06,2.0,40000.0,1,0,0
PSK,2026-08-07,2.0,40000.0,1,0,0
PSK,2026-08-10,1.0,20000.0,1,0,0
PSK,2026-08-11,1.0,20000.0,1,0,0
PSK,2026-09-26,1.0,20000.0,1,0,0
PSK,2026-09-27,1.0,20000.0,1,0,0
PSK,2026-09-28,2.0,40000.0,1,0,0
PSK,2026-09-30,1.0,20000.0,1,0,0
PSK,2026-10-01,2.0,40000.0,1,0,0
PSK,2026-10-02,2.0,40000.0,1,0,0
PYB,2025-09-26,4.0,40000.0,1,0,1
RJK,2024-06-23,5.0,25000.0,1,0,1
RJK,2026-05-12,8.0,40000.0,1,0,1
RJK,2026-07-03,30.0,150000.0,1,0,1
RJK,2026-08-31,10.0,50000.0,1,0,1
SAW,2024-01-02,5.0,20000.0,1,0,0
SAW,2024-01-19,6.0,24000.0,1,0,0
SAW,2024-01-22,2.0,8000.0,1,0,0
SAW,2024-02-07,12.0,48000.0,1,0,0
SAW,2024-02-22,3.0,12000.0,1,0,0
SAW,2024-02-26,8.0,32000.0,1,0,0
SAW,2024-03-12,8.0,32000.0,1,0,0
SAW,2024-03-28,10.0,40000.0,1,0,0
SAW,2024-04-01,4.0,16000.0,1,0,0
SAW,2024-04-18,2.0,8000.0,1,0,0
SAW,2024-05-02,4.0,16000.0,1,0,0
SAW,2024-05-06,10.0,40000.0,1,0,0
SAW,2024-07-26,9.0,36000.0,1,0,0
SAW,2024-07-29,8.0,32000.0,1,0,0
SAW,2024-08-13,8.0,30000.0,1,0,0
SAW,2024-08-29,10.0,40000.0,1,0,0
SAW,2024-09-02,4.0,16000.0,1,0,0
SAW,2024-09-19,13.0,52000.0,1,0,0
SAW,2024-10-03,9.0,36000.0,1,0,0
SAW,2024-10-07,10.0,40000.0,1,0,0
SAW,2025-01-30,5.0,20000.0,1,0,0
SAW,2025-08-23,16.0,64000.0,1,0,0
SAW,2025-08-30,8.0,32000.0,1,0,0
SAW,2025-09-03,3.0,12000.0,1,0,0
SAW,2025-10-31,6.0,24000.0,1,0,0
SLD,2024-01-02,10.0,50000.0,1,0,0
SLD,2024-01-06,4.0,20000.0,1,1,0
SLD,2024-01-18,6.0,30000.0,1,0,0
SLD,2024-02-07,9.0,45000.0,1,0,0
SLD,2024-02-12,10.0,50000.0,1,0,0
SLD,2024-02-22,11.0,55000.0,1,0,0
SLD,2024-03-12,4.0,20000.0,1,0,0
SLD,2024-03-18,4.0,20000.0,1,0,0
SLD,2024-03-28,7.0,35000.0,1,0,0
SLD,2024-04-18,8.0,40000.0,1,0,0
SLD,2024-04-22,10.0,50000.0,1,0,0
SLD,2024-05-02,3.0,15000.0,1,0,0
SLD,2024-07-25,11.0,55000.0,1,0,0
SLD,2024-08-13,8.0,40000.0,1,0,0
SLD,2024-08-19,4.0,20000.0,1,0,0
SLD,2024-08-29,7.0,35000.0,1,0,0
SLD,2024-09-23,10.0,50000.0,1,0,0
SLD,2024-10-03,3.0,15000.0,1,0,0
SLD,2025-08-22,5.0,25000.0,1,0,0
SLD,2025-08-29,3.0,15000.0,1,0,0
SLD,2025-08-30,9.0,45000.0,1,0,0
SLD,2025-09-03,8.0,40000.0,1,0,0
SYR,2024-01-26,6.0,24000.0,1,0,0
SYR,2024-03-02,2.0,8000.0,1,1,0
SYR,2024-04-08,10.0,40000.0,1,0,0
SYR,2024-05-13,5.0,20000.0,1,0,0
SYR,2024-08-03,2.0,8000.0,1,1,0
SYR,2024-09-09,10.0,40000.0,1,0,0
SYR,2024-10-14,5.0,20000.0,1,0,0
SYR,2025-12-05,7.0,28000.0,1,0,0
TTL,2024-06-22,3.0,15000.0,1,1,0
TTL,2024-06-23,9.0,45000.0,1,0,1
TTL,2025-12-04,7.0,35000.0,1,1,0
TTL,2026-05-09,4.0,20000.0,1,1,0
TTL,2026-05-12,11.0,55000.0,1,0,1
TTL,2026-06-22,4.0,20000.0,1,1,0
TTL,2026-07-03,2.0,10000.0,1,0,1
TTL,2026-08-27,9.0,45000.0,1,1,0
TTL,2026-08-31,4.0,20000.0,1,0,1
URE,2025-08-15,4.0,20000.0,1,1,0
