kode_produk,nama_produk,tanggal_pemesanan,tanggal_barang_masuk,tanggal_barang_keluar,tanggal_siklus_berakhir,jumlah_produk_masuk,satuan_produk,demand_aktual_siklus,demand_siklus_hitung,selisih_siklus,flag_siklus_tidak_cocok,sisa_stok,rasio_pemakaian,durasi_siklus_hari,lt_pemasok_hari,flag_lt_pemasok_negatif,flag_overstock_ekstrem
BLB,BIBIT LIDAH BUAYA,2024-01-25,2024-01-24,2024-01-25,2024-08-03,58.0,BIBIT,48.0,27.0,21.0,1,10.0,0.8275862068965517,191.0,-1,1,0
BLB,BIBIT LIDAH BUAYA,2024-07-31,2024-08-02,2024-08-03,2025-09-26,27.0,BIBIT,2.0,21.0,-19.0,1,25.0,0.07407407407407407,419.0,2,0,1
BLB,BIBIT LIDAH BUAYA,2025-09-23,2025-09-25,2025-09-26,2025-12-04,24.0,BIBIT,3.0,1.0,2.0,1,21.0,0.125,69.0,2,0,0
BLB,BIBIT LIDAH BUAYA,2025-12-01,2025-12-03,2025-12-04,,16.3,BIBIT,4.0,1.0,3.0,1,12.3,0.24539877300613497,,2,0,0
BMG,BAWANG MERAH GORENG,2024-06-16,2024-06-15,2024-06-16,2026-05-15,9.0,GR,7.0,7.0,0.0,0,2.0,0.7777777777777778,698.0,-1,1,0
BMG,BAWANG MERAH GORENG,2026-05-12,2026-05-14,2026-05-15,,7.0,GR,2.0,39.0,-37.0,1,5.0,0.2857142857142857,,2,0,0
BSY,BIBIT SAYURAN,2024-01-22,2024-01-21,2024-01-22,2024-07-29,62.0,POLIBAG,51.0,31.0,20.0,1,11.0,0.8225806451612904,189.0,-1,1,0
BSY,BIBIT SAYURAN,2024-07-26,2024-07-28,2024-07-29,2025-08-15,31.0,POLIBAG,2.0,20.0,-18.0,1,29.0,0.06451612903225806,382.0,2,0,1
BSY,BIBIT SAYURAN,2025-08-12,2025-08-14,2025-08-15,,25.5,POLIBAG,3.0,4.0,-1.0,1,22.5,0.11764705882352941,,2,0,0
BYM,BAYAM,2024-01-02,2024-01-01,2024-01-02,2024-07-25,140.0,IKAT,116.0,116.0,0.0,0,24.0,0.8285714285714286,205.0,-1,1,0
BYM,BAYAM,2024-07-22,2024-07-24,2024-07-25,2025-07-18,116.0,IKAT,2.0,77.0,-75.0,1,114.0,0.017241379310344827,358.0,2,0,1
BYM,BAYAM,2025-07-15,2025-07-17,2025-07-18,2025-12-16,96.5,IKAT,3.0,38.0,-35.0,1,93.5,0.031088082901554404,151.0,2,0,1
BYM,BAYAM,2025-12-13,2025-12-15,2025-12-16,,77.0,IKAT,4.0,6.0,-2.0,1,73.0,0.05194805194805195,,2,0,1
CKP,COKLAT PERMEN,2024-06-23,2024-06-26,2024-06-29,2025-06-13,11.0,GR,9.0,9.0,0.0,0,2.0,0.8181818181818182,349.0,3,0,0
CKP,COKLAT PERMEN,2025-06-13,2025-06-12,2025-06-13,2026-02-04,10.0,GR,4.0,4.0,0.0,0,6.0,0.4,236.0,-1,1,0
CKP,COKLAT PERMEN,2026-02-04,2026-02-03,2026-02-04,,238.0,GR,238.0,238.0,0.0,0,0.0,1.0,,-1,1,0
CRG,CIRENG,2024-06-23,2024-06-22,2024-06-23,2026-05-12,9.0,PCS,7.0,7.0,0.0,0,2.0,0.7777777777777778,688.0,-1,1,0
CRG,CIRENG,2026-05-09,2026-05-11,2026-05-12,,7.0,PCS,2.0,42.0,-40.0,1,5.0,0.2857142857142857,,2,0,0
GRG,GORENGAN,2024-06-20,2024-06-21,2024-06-23,2026-05-12,4.0,PCS,3.0,3.0,0.0,0,1.0,0.75,688.0,1,0,0
GRG,GORENGAN,2026-05-09,2026-05-11,2026-05-12,,3.0,PCS,2.0,61.0,-59.0,1,1.0,0.6666666666666666,,2,0,0
HSP,HASIL PANEN,2024-01-13,2024-01-12,2024-01-13,2024-07-30,227.0,IKAT,189.0,189.0,0.0,0,38.0,0.8325991189427313,199.0,-1,1,0
HSP,HASIL PANEN,2024-07-27,2024-07-29,2024-07-30,2025-04-17,189.0,IKAT,2.0,135.0,-133.0,1,187.0,0.010582010582010581,261.0,2,0,1
HSP,HASIL PANEN,2025-04-14,2025-04-16,2025-04-17,2025-06-06,162.0,IKAT,3.0,33.0,-30.0,1,159.0,0.018518518518518517,50.0,2,0,1
HSP,HASIL PANEN,2025-06-03,2025-06-05,2025-06-06,2025-07-04,119.0,IKAT,4.0,11.0,-7.0,1,115.0,0.03361344537815126,28.0,2,0,1
HSP,HASIL PANEN,2025-07-04,2025-07-03,2025-07-04,2025-08-15,66.0,IKAT,16.0,16.0,0.0,0,50.0,0.24242424242424243,42.0,-1,1,0
HSP,HASIL PANEN,2025-08-15,2025-08-14,2025-08-15,2025-10-17,22.0,IKAT,15.0,15.0,0.0,0,7.0,0.6818181818181818,63.0,-1,1,0
HSP,HASIL PANEN,2025-10-14,2025-10-16,2025-10-17,2025-11-20,70.0,IKAT,5.0,10.0,-5.0,1,65.0,0.07142857142857142,34.0,2,0,1
HSP,HASIL PANEN,2025-11-20,2025-11-19,2025-11-20,2025-12-19,41.0,IKAT,41.0,41.0,0.0,0,0.0,1.0,29.0,-1,1,0
HSP,HASIL PANEN,2025-12-19,2025-12-18,2025-12-19,,25.0,IKAT,14.0,14.0,0.0,0,11.0,0.56,,-1,1,0
JGG,JAGUNG,2024-01-23,2024-01-22,2024-01-23,2024-07-30,58.0,KG,48.0,27.0,21.0,1,10.0,0.8275862068965517,189.0,-1,1,0
JGG,JAGUNG,2024-07-27,2024-07-29,2024-07-30,2025-10-17,27.0,KG,2.0,21.0,-19.0,1,25.0,0.07407407407407407,444.0,2,0,1
JGG,JAGUNG,2025-10-14,2025-10-16,2025-10-17,2025-12-04,24.0,KG,3.0,4.0,-1.0,1,21.0,0.125,48.0,2,0,0
JGG,JAGUNG,2025-12-01,2025-12-03,2025-12-04,,17.3,KG,4.0,21.0,-17.0,1,13.3,0.23121387283236994,,2,0,0
JHE,JAHE,2024-05-26,2024-05-25,2024-05-26,2025-06-26,15.0,GR,12.0,12.0,0.0,0,3.0,0.8,396.0,-1,1,0
JHE,JAHE,2025-06-26,2025-06-25,2025-06-26,2026-02-04,14.0,GR,10.0,10.0,0.0,0,4.0,0.7142857142857143,223.0,-1,1,0
JHE,JAHE,2026-02-04,2026-02-03,2026-02-04,,45.0,GR,45.0,45.0,0.0,0,0.0,1.0,,-1,1,0
KCT,KACANG TELOR,2024-06-23,2024-06-22,2024-06-23,2026-05-12,9.0,GR,7.0,7.0,0.0,0,2.0,0.7777777777777778,688.0,-1,1,0
KCT,KACANG TELOR,2026-05-09,2026-05-11,2026-05-12,,7.0,GR,2.0,28.0,-26.0,1,5.0,0.2857142857142857,,2,0,0
KJG,KERIPIK JAGUNG GEPREK,2024-06-22,2024-06-21,2024-06-22,2026-05-09,8.0,GR,6.0,6.0,0.0,0,2.0,0.75,686.0,-1,1,0
KJG,KERIPIK JAGUNG GEPREK,2026-05-06,2026-05-08,2026-05-09,,6.0,GR,2.0,29.0,-27.0,1,4.0,0.3333333333333333,,2,0,0
KKG,KANGKUNG,2024-01-02,2024-01-01,2024-01-02,2024-06-12,436.0,IKAT,363.0,363.0,0.0,0,73.0,0.8325688073394495,162.0,-1,1,0
KKG,KANGKUNG,2024-06-12,2024-06-11,2024-06-12,2024-07-22,400.0,IKAT,21.0,21.0,0.0,0,379.0,0.0525,40.0,-1,1,1
KKG,KANGKUNG,2024-07-19,2024-07-21,2024-07-22,2025-01-30,384.0,IKAT,2.0,215.0,-213.0,1,382.0,0.005208333333333333,192.0,2,0,1
KKG,KANGKUNG,2025-01-30,2025-01-29,2025-01-30,2025-07-14,220.0,IKAT,5.0,5.0,0.0,0,215.0,0.022727272727272728,165.0,-1,1,1
KKG,KANGKUNG,2025-07-11,2025-07-13,2025-07-14,2025-08-16,302.0,IKAT,3.0,25.0,-22.0,1,299.0,0.009933774834437087,33.0,2,0,1
KKG,KANGKUNG,2025-08-16,2025-08-15,2025-08-16,2025-12-04,91.0,IKAT,91.0,91.0,0.0,0,0.0,1.0,110.0,-1,1,0
KKG,KANGKUNG,2025-12-01,2025-12-03,2025-12-04,2026-05-14,240.0,IKAT,4.0,19.0,-15.0,1,236.0,0.016666666666666666,161.0,2,0,1
KKG,KANGKUNG,2026-05-11,2026-05-13,2026-05-14,2026-08-22,118.3,IKAT,5.0,84.0,-79.0,1,113.3,0.042265426880811495,100.0,2,0,1
KKG,KANGKUNG,2026-08-19,2026-08-21,2026-08-22,2026-10-20,73.0,IKAT,6.0,15.0,-9.0,1,67.0,0.0821917808219178,59.0,2,0,1
KMG,KEMANGI,2024-06-22,2024-06-21,2024-06-22,2026-05-09,16.0,IKAT,13.0,13.0,0.0,0,3.0,0.8125,686.0,-1,1,0
KMG,KEMANGI,2026-05-09,2026-05-08,2026-05-09,,24.0,IKAT,24.0,24.0,0.0,0,0.0,1.0,,-1,1,0
KNK,KENIKIR,2025-02-03,2025-02-02,2025-02-03,2025-06-06,3.0,IKAT,2.0,2.0,0.0,0,1.0,0.6666666666666666,123.0,-1,1,0
KNK,KENIKIR,2025-06-06,2025-06-05,2025-06-06,,4.0,IKAT,4.0,4.0,0.0,0,0.0,1.0,,-1,1,0
KRB,KERIPIK BAWANG,2024-01-13,2024-01-12,2024-01-13,2025-08-15,62.0,GR,51.0,51.0,0.0,0,11.0,0.8225806451612904,580.0,-1,1,0
KRB,KERIPIK BAWANG,2025-08-15,2025-08-14,2025-08-15,,57.0,GR,12.0,12.0,0.0,0,45.0,0.21052631578947367,,-1,1,0
KRL,KERIPIK LABU,2024-06-16,2024-06-15,2024-06-16,2026-05-15,5.0,GR,4.0,4.0,0.0,0,1.0,0.8,698.0,-1,1,0
KRL,KERIPIK LABU,2026-05-12,2026-05-14,2026-05-15,,4.0,GR,2.0,34.0,-32.0,1,2.0,0.5,,2,0,0
KRY,KERIPIK BAYAM,2024-06-30,2024-06-29,2024-06-30,2025-06-14,14.0,GR,11.0,11.0,0.0,0,3.0,0.7857142857142857,349.0,-1,1,0
KRY,KERIPIK BAYAM,2025-06-14,2025-06-13,2025-06-14,2026-02-04,13.0,GR,6.0,6.0,0.0,0,7.0,0.46153846153846156,235.0,-1,1,0
KRY,KERIPIK BAYAM,2026-02-04,2026-02-03,2026-02-04,,33.0,GR,33.0,33.0,0.0,0,0.0,1.0,,-1,1,0
LBP,LABU PRIDA,2024-05-27,2024-05-26,2024-05-27,2025-06-05,50.0,KG,41.0,41.0,0.0,0,9.0,0.82,374.0,-1,1,0
LBP,LABU PRIDA,2025-06-05,2025-06-04,2025-06-05,2026-02-16,46.0,KG,2.0,2.1,-0.10000000000000009,0,44.0,0.043478260869565216,256.0,-1,1,1
LBP,LABU PRIDA,2026-02-16,2026-02-15,2026-02-16,2026-07-20,24.0,KG,12.0,12.4,-0.40000000000000036,0,12.0,0.5,154.0,-1,1,0
LBP,LABU PRIDA,2026-07-20,2026-07-19,2026-07-20,,21.0,KG,14.0,14.799999999999999,-0.7999999999999989,0,7.0,0.6666666666666666,,-1,1,0
LDB,LIDAH BUAYA,2024-01-23,2024-01-26,2024-01-30,2025-02-25,63.0,KG,52.0,52.0,0.0,0,11.0,0.8253968253968254,392.0,3,0,0
LDB,LIDAH BUAYA,2025-02-21,2025-02-23,2025-02-25,2025-12-05,58.0,KG,28.0,28.0,0.0,0,30.0,0.4827586206896552,283.0,2,0,0
LDB,LIDAH BUAYA,2025-11-30,2025-12-02,2025-12-05,2026-07-17,44.0,KG,19.0,19.0,0.0,0,25.0,0.4318181818181818,224.0,2,0,0
LDB,LIDAH BUAYA,2026-07-12,2026-07-14,2026-07-17,,37.0,KG,15.0,15.0,0.0,0,22.0,0.40540540540540543,,2,0,0
MDT,MEDIA TANAM,2024-01-10,2024-01-09,2024-01-10,2024-07-16,201.0,SACK,167.0,167.0,0.0,0,34.0,0.8308457711442786,188.0,-1,1,0
MDT,MEDIA TANAM,2024-07-16,2024-07-15,2024-07-16,2025-02-25,184.0,SACK,114.0,114.0,0.0,0,70.0,0.6195652173913043,224.0,-1,1,0
MDT,MEDIA TANAM,2025-02-25,2025-02-24,2025-02-25,2025-04-15,155.0,SACK,3.0,3.0,0.0,0,152.0,0.01935483870967742,49.0,-1,1,1
MDT,MEDIA TANAM,2025-04-15,2025-04-14,2025-04-15,2025-05-23,105.0,SACK,11.0,11.0,0.0,0,94.0,0.10476190476190476,38.0,-1,1,0
MDT,MEDIA TANAM,2025-05-23,2025-05-22,2025-05-23,2025-07-10,47.0,SACK,6.0,6.0,0.0,0,41.0,0.1276595744680851,48.0,-1,1,0
MDT,MEDIA TANAM,2025-07-10,2025-07-09,2025-07-10,2025-08-09,8.0,SACK,3.0,3.0,0.0,0,5.0,0.375,30.0,-1,1,0
MDT,MEDIA TANAM,2025-08-09,2025-08-08,2025-08-09,2025-09-23,9.0,SACK,9.0,9.0,0.0,0,0.0,1.0,45.0,-1,1,0
MDT,MEDIA TANAM,2025-09-23,2025-09-22,2025-09-23,2025-12-12,14.0,SACK,14.0,14.0,0.0,0,0.0,1.0,80.0,-1,1,0
MDT,MEDIA TANAM,2025-12-12,2025-12-11,2025-12-12,2026-04-11,15.0,SACK,15.0,15.0,0.0,0,0.0,1.0,120.0,-1,1,0
MDT,MEDIA TANAM,2026-04-08,2026-04-10,2026-04-11,2026-06-08,342.0,SACK,2.0,31.0,-29.0,1,340.0,0.005847953216374269,58.0,2,0,1
MDT,MEDIA TANAM,2026-06-08,2026-06-07,2026-06-08,2026-07-14,22.0,SACK,6.0,6.0,0.0,0,16.0,0.2727272727272727,36.0,-1,1,0
MDT,MEDIA TANAM,2026-07-14,2026-07-13,2026-07-14,2026-08-09,20.0,SACK,4.0,4.0,0.0,0,16.0,0.2,26.0,-1,1,0
MDT,MEDIA TANAM,2026-08-09,2026-08-08,2026-08-09,2026-10-06,24.0,SACK,24.0,24.0,0.0,0,0.0,1.0,58.0,-1,1,0
MLB,MINUMAN LIDAH BUAYA,2024-01-03,2024-01-04,2024-01-06,2025-06-29,81.0,BOTOL,67.0,67.0,0.0,0,14.0,0.8271604938271605,540.0,1,0,0
MLB,MINUMAN LIDAH BUAYA,2025-06-26,2025-06-28,2025-06-29,2025-12-04,67.0,BOTOL,2.0,72.0,-70.0,1,65.0,0.029850746268656716,158.0,2,0,1
MLB,MINUMAN LIDAH BUAYA,2025-12-01,2025-12-03,2025-12-04,2026-03-30,69.5,BOTOL,3.0,15.0,-12.0,1,66.5,0.04316546762589928,116.0,2,0,1
MLB,MINUMAN LIDAH BUAYA,2026-03-26,2026-03-28,2026-03-30,2026-06-22,123.0,BOTOL,123.0,30.0,93.0,1,0.0,1.0,84.0,2,0,0
MLB,MINUMAN LIDAH BUAYA,2026-06-19,2026-06-21,2026-06-22,,39.0,BOTOL,5.0,93.0,-88.0,1,34.0,0.1282051282051282,,2,0,0
MNJ,MINUMAN JERUK,2024-06-23,2024-06-22,2024-06-23,2026-05-12,12.0,BOTOL,10.0,10.0,0.0,0,2.0,0.8333333333333334,688.0,-1,1,0
MNJ,MINUMAN JERUK,2026-05-08,2026-05-10,2026-05-12,,26.0,BOTOL,26.0,26.0,0.0,0,0.0,1.0,,2,0,0
MNM,MINUMAN,2024-05-18,2024-05-19,2024-05-20,2025-06-24,10.0,BOTOL,8.0,8.0,0.0,0,2.0,0.8,400.0,1,0,0
MNM,MINUMAN,2025-06-21,2025-06-22,2025-06-24,2026-02-04,9.0,BOTOL,7.0,7.0,0.0,0,2.0,0.7777777777777778,225.0,1,0,0
MNM,MINUMAN,2026-02-02,2026-02-03,2026-02-04,,40.0,BOTOL,40.0,40.0,0.0,0,0.0,1.0,,1,0,0
MNT,MINUMAN TIMUN,2024-06-20,2024-06-21,2024-06-23,2026-05-12,14.0,BOTOL,11.0,11.0,0.0,0,3.0,0.7857142857142857,688.0,1,0,0
MNT,MINUMAN TIMUN,2026-05-09,2026-05-11,2026-05-12,,11.0,BOTOL,2.0,24.0,-22.0,1,9.0,0.18181818181818182,,2,0,0
PKC,PAKCOY,2025-04-17,2025-04-16,2025-04-17,,5.0,GR,4.0,4.0,0.0,0,1.0,0.8,,-1,1,0
PLB,PERMEN LIDAH BUAYA,2023-12-25,2023-12-28,2024-01-01,2024-04-12,263.0,GR,219.0,149.0,70.0,1,44.0,0.8326996197718631,102.0,3,0,0
PLB,PERMEN LIDAH BUAYA,2024-04-09,2024-04-11,2024-04-12,2024-08-07,149.0,GR,2.0,70.0,-68.0,1,147.0,0.013422818791946308,117.0,2,0,1
PLB,PERMEN LIDAH BUAYA,2024-07-31,2024-08-03,2024-08-07,2024-09-13,241.0,GR,128.0,58.0,70.0,1,113.0,0.5311203319502075,37.0,3,0,0
PLB,PERMEN LIDAH BUAYA,2024-09-10,2024-09-12,2024-09-13,2025-05-02,92.3,GR,4.0,70.0,-66.0,1,88.3,0.04333694474539545,231.0,2,0,1
PLB,PERMEN LIDAH BUAYA,2025-04-28,2025-04-30,2025-05-02,2025-06-29,191.0,GR,30.0,30.0,0.0,0,161.0,0.15706806282722513,58.0,2,0,0
PLB,PERMEN LIDAH BUAYA,2025-06-26,2025-06-28,2025-06-29,2025-08-15,52.7,GR,6.0,44.0,-38.0,1,46.7,0.11385199240986717,47.0,2,0,0
PLB,PERMEN LIDAH BUAYA,2025-08-12,2025-08-14,2025-08-15,2025-12-24,48.0,GR,7.0,36.0,-29.0,1,41.0,0.14583333333333334,131.0,2,0,0
PLB,PERMEN LIDAH BUAYA,2025-12-20,2025-12-22,2025-12-24,,42.0,GR,42.0,42.0,0.0,0,0.0,1.0,,2,0,0
PMJ,PERMEN JELLY,2024-06-05,2024-06-04,2024-06-05,2025-09-26,22.0,GR,18.0,18.0,0.0,0,4.0,0.8181818181818182,478.0,-1,1,0
PMJ,PERMEN JELLY,2025-09-26,2025-09-25,2025-09-26,2026-03-29,20.0,GR,2.0,2.0,0.0,0,18.0,0.1,184.0,-1,1,0
PMJ,PERMEN JELLY,2026-03-29,2026-03-28,2026-03-29,,31.0,GR,31.0,31.0,0.0,0,0.0,1.0,,-1,1,0
PNP,PUPUK NPK,2025-08-15,2025-08-14,2025-08-15,,3.0,GR,2.0,2.0,0.0,0,1.0,0.6666666666666666,,-1,1,0
PPK,PUPUK,2024-05-27,2024-05-26,2024-05-27,2025-06-04,30.0,SACK,25.0,25.0,0.0,0,5.0,0.8333333333333334,373.0,-1,1,0
PPK,PUPUK,2025-06-01,2025-06-03,2025-06-04,2026-01-30,25.0,SACK,2.0,8.0,-6.0,1,23.0,0.08,240.0,2,0,1
PPK,PUPUK,2026-01-27,2026-01-29,2026-01-30,,16.5,SACK,3.0,55.0,-52.0,1,13.5,0.18181818181818182,,2,0,0
PSK,PISANG KEPOK,2024-01-08,2024-01-07,2024-01-08,2024-02-13,21.0,SISIR,17.0,17.0,0.0,0,4.0,0.8095238095238095,36.0,-1,1,0
PSK,PISANG KEPOK,2024-02-13,2024-02-12,2024-02-13,2024-05-29,39.0,SISIR,39.0,39.0,0.0,0,0.0,1.0,106.0,-1,1,0
PSK,PISANG KEPOK,2024-05-29,2024-05-28,2024-05-29,2024-07-10,71.0,SISIR,71.0,71.0,0.0,0,0.0,1.0,42.0,-1,1,0
PSK,PISANG KEPOK,2024-07-10,2024-07-09,2024-07-10,2025-07-16,91.0,SISIR,91.0,91.0,0.0,0,0.0,1.0,371.0,-1,1,0
PSK,PISANG KEPOK,2025-07-16,2025-07-15,2025-07-16,2026-03-16,74.0,SISIR,6.0,6.0,0.0,0,68.0,0.08108108108108109,243.0,-1,1,1
PSK,PISANG KEPOK,2026-03-16,2026-03-15,2026-03-16,2026-07-20,62.0,SISIR,32.0,32.0,0.0,0,30.0,0.5161290322580645,126.0,-1,1,0
PSK,PISANG KEPOK,2026-07-20,2026-07-19,2026-07-20,2026-09-26,48.0,SISIR,15.0,15.0,0.0,0,33.0,0.3125,68.0,-1,1,0
PSK,PISANG KEPOK,2026-09-26,2026-09-25,2026-09-26,,20.0,SISIR,15.0,15.0,0.0,0,5.0,0.75,,-1,1,0
PYB,PEYEK BAYAM,2025-09-26,2025-09-25,2025-09-26,,5.0,GR,4.0,4.0,0.0,0,1.0,0.8,,-1,1,0
RJK,RUJAK KANGKUNG,2024-06-23,2024-06-22,2024-06-23,2026-05-12,6.0,PORSI,5.0,5.0,0.0,0,1.0,0.8333333333333334,688.0,-1,1,0
RJK,RUJAK KANGKUNG,2026-05-09,2026-05-11,2026-05-12,,5.0,PORSI,2.0,58.0,-56.0,1,3.0,0.4,,2,0,0
SAW,SAWI,2024-01-02,2024-01-01,2024-01-02,2024-07-26,89.0,IKAT,74.0,74.0,0.0,0,15.0,0.8314606741573034,206.0,-1,1,0
SAW,SAWI,2024-07-26,2024-07-25,2024-07-26,2025-01-30,82.0,IKAT,71.0,71.0,0.0,0,11.0,0.8658536585365854,188.0,-1,1,0
SAW,SAWI,2025-01-30,2025-01-29,2025-01-30,2025-08-23,80.0,IKAT,5.0,5.0,0.0,0,75.0,0.0625,205.0,-1,1,1
SAW,SAWI,2025-08-20,2025-08-22,2025-08-23,2025-10-31,150.0,IKAT,2.0,27.0,-25.0,1,148.0,0.013333333333333334,69.0,2,0,1
SAW,SAWI,2025-10-31,2025-10-30,2025-10-31,,38.0,IKAT,6.0,6.0,0.0,0,32.0,0.15789473684210525,,-1,1,0
SLD,SELADA,2024-01-02,2024-01-01,2024-01-02,2024-07-25,104.0,GR,86.0,86.0,0.0,0,18.0,0.8269230769230769,205.0,-1,1,0
SLD,SELADA,2024-07-22,2024-07-24,2024-07-25,2025-08-22,86.0,GR,2.0,43.0,-41.0,1,84.0,0.023255813953488372,393.0,2,0,1
SLD,SELADA,2025-08-19,2025-08-21,2025-08-22,,64.5,GR,3.0,25.0,-22.0,1,61.5,0.046511627906976744,,2,0,1
SYR,SAYUR,2024-01-26,2024-01-25,2024-01-26,2024-08-03,48.0,IKAT,40.0,23.0,17.0,1,8.0,0.8333333333333334,190.0,-1,1,0
SYR,SAYUR,2024-07-31,2024-08-02,2024-08-03,2025-12-05,23.0,IKAT,2.0,17.0,-15.0,1,21.0,0.08695652173913043,489.0,2,0,1
SYR,SAYUR,2025-12-02,2025-12-04,2025-12-05,,20.0,IKAT,3.0,7.0,-4.0,1,17.0,0.15,,2,0,0
TTL,TEH BUNGA TELANG,2024-06-22,2024-06-21,2024-06-22,2025-12-04,15.0,GR,12.0,12.0,0.0,0,3.0,0.8,530.0,-1,1,0
TTL,TEH BUNGA TELANG,2025-12-04,2025-12-03,2025-12-04,,51.0,GR,51.0,51.0,0.0,0,0.0,1.0,,-1,1,0
URE,UREA,2025-08-15,2025-08-14,2025-08-15,,5.0,GR,4.0,4.0,0.0,0,1.0,0.8,,-1,1,0
