kode_produk,minggu_mulai,prediksi,metode
MDT,2026-09-28,0.9291775671291544,arima
MDT,2026-10-05,1.2427694437005519,arima
MDT,2026-10-12,0.9789904022067232,arima
MDT,2026-10-19,1.194856423681268,arima
KKG,2026-09-28,0.0,arima
KKG,2026-10-05,2.5614264392910663e-17,arima
KKG,2026-10-12,4.1715964025428994e-17,arima
KKG,2026-10-19,3.304399884669958e-17,arima
LDB,2026-09-28,0.17571387241339273,arima
LDB,2026-10-05,0.21604272701514105,arima
LDB,2026-10-12,0.23067365913188292,arima
LDB,2026-10-19,0.23596776188614713,arima
PSK,2026-09-28,0.7200479624593604,arima
PSK,2026-10-05,0.1375980298004489,arima
PSK,2026-10-12,0.40869997719862616,arima
PSK,2026-10-19,0.26308172672840197,arima
MLB,2026-09-28,2.836242221030059,croston_sba
MLB,2026-10-05,2.0358098549524555,croston_sba
MLB,2026-10-12,2.017022717034136,croston_sba
MLB,2026-10-19,1.9925798802123191,croston_sba
PPK,2026-09-28,0.6237925030202196,arima
PPK,2026-10-05,0.6232652536153553,arima
PPK,2026-10-12,0.6228132185696305,arima
PPK,2026-10-19,0.6224184123529177,arima
CKP,2026-09-28,1.6516290962056643,croston_sba
CKP,2026-10-05,1.6206336114068363,croston_sba
CKP,2026-10-12,1.619055749915634,croston_sba
CKP,2026-10-19,1.6173413692642908,croston_sba
PMJ,2026-09-28,0.0,arima
PMJ,2026-10-05,2.1133139342097622e-17,arima
PMJ,2026-10-12,1.1427567108657998e-17,arima
PMJ,2026-10-19,1.4853444902376823e-17,arima
LBP,2026-09-28,0.11825027864970462,arima
LBP,2026-10-05,0.11825074547848889,arima
LBP,2026-10-12,0.11825194735998164,arima
LBP,2026-10-19,0.11825259614163004,arima
