minggu_mulai,n_transaksi_toko,ada_bazaar,ada_mini_bazaar,tidak_tercatat,di_luar_rentang,tahun,kuartal,bulan,minggu_ke
2024-01-01,10,1,0,0,0,2024,1,1,1
2024-01-08,8,1,0,0,0,2024,1,1,2
2024-01-15,11,0,0,0,0,2024,1,1,3
2024-01-22,10,0,0,0,0,2024,1,1,4
2024-01-29,10,0,0,0,0,2024,1,1,5
2024-02-05,11,1,0,0,0,2024,1,2,6
2024-02-12,11,1,0,0,0,2024,1,2,7
2024-02-19,11,0,0,0,0,2024,1,2,8
2024-02-26,12,1,0,0,0,2024,1,2,9
2024-03-04,10,0,0,0,0,2024,1,3,10
2024-03-11,9,1,0,0,0,2024,1,3,11
2024-03-18,11,1,0,0,0,2024,1,3,12
2024-03-25,11,0,1,0,0,2024,1,3,13
2024-04-01,7,1,0,0,0,2024,2,4,14
2024-04-08,10,0,0,0,0,2024,2,4,15
2024-04-15,13,1,0,0,0,2024,2,4,16
2024-04-22,11,1,0,0,0,2024,2,4,17
2024-04-29,11,0,1,0,0,2024,2,4,18
2024-05-06,7,1,0,0,0,2024,2,5,19
2024-05-13,9,0,0,0,0,2024,2,5,20
2024-05-20,2,0,1,0,0,2024,2,5,21
2024-05-27,10,0,0,0,0,2024,2,5,22
2024-06-03,7,0,1,0,0,2024,2,6,23
2024-06-10,11,0,1,0,0,2024,2,6,24
2024-06-17,10,1,1,0,0,2024,2,6,25
2024-06-24,6,1,1,0,0,2024,2,6,26
2024-07-01,2,0,1,0,0,2024,3,7,27
2024-07-08,10,0,0,0,0,2024,3,7,28
2024-07-15,7,0,1,0,0,2024,3,7,29
2024-07-22,10,0,0,0,0,2024,3,7,30
2024-07-29,13,1,0,0,0,2024,3,7,31
2024-08-05,10,0,0,0,0,2024,3,8,32
2024-08-12,8,1,0,0,0,2024,3,8,33
2024-08-19,11,1,0,0,0,2024,3,8,34
2024-08-26,11,0,1,0,0,2024,3,8,35
2024-09-02,7,1,0,0,0,2024,3,9,36
2024-09-09,10,0,0,0,0,2024,3,9,37
2024-09-16,11,1,0,0,0,2024,3,9,38
2024-09-23,10,1,0,0,0,2024,3,9,39
2024-09-30,10,0,1,0,0,2024,3,9,40
2024-10-07,7,1,0,0,0,2024,4,10,41
2024-10-14,9,0,0,0,0,2024,4,10,42
2024-10-21,0,0,0,1,0,2024,4,10,43
2024-10-28,0,0,0,1,0,2024,4,10,44
2024-11-04,0,0,0,1,0,2024,4,11,45
2024-11-11,0,0,0,1,0,2024,4,11,46
2024-11-18,0,0,0,1,0,2024,4,11,47
2024-11-25,0,0,0,1,0,2024,4,11,48
2024-12-02,0,0,0,1,0,2024,4,12,49
2024-12-09,0,0,0,1,0,2024,4,12,50
2024-12-16,0,0,0,1,0,2024,4,12,51
2024-12-23,0,0,0,1,0,2024,4,12,52
2024-12-30,0,0,0,1,0,2024,4,12,1
2025-01-06,0,0,0,1,0,2025,1,1,2
2025-01-13,0,0,0,1,0,2025,1,1,3
2025-01-20,0,0,0,1,0,2025,1,1,4
2025-01-27,2,0,0,0,0,2025,1,1,5
2025-02-03,2,0,0,0,0,2025,1,2,6
2025-02-10,0,0,0,0,0,2025,1,2,7
2025-02-17,0,0,0,0,0,2025,1,2,8
2025-02-24,2,0,0,0,0,2025,1,2,9
2025-03-03,0,0,0,1,0,2025,1,3,10
2025-03-10,0,0,0,1,0,2025,1,3,11
2025-03-17,0,0,0,1,0,2025,1,3,12
2025-03-24,0,0,0,1,0,2025,1,3,13
2025-03-31,0,0,0,1,0,2025,1,3,14
2025-04-07,0,0,0,1,0,2025,2,4,15
2025-04-14,7,0,0,0,0,2025,2,4,16
2025-04-21,1,0,0,0,0,2025,2,4,17
2025-04-28,4,0,0,0,0,2025,2,4,18
2025-05-05,7,0,0,0,0,2025,2,5,19
2025-05-12,0,0,0,0,0,2025,2,5,20
2025-05-19,1,0,0,0,0,2025,2,5,21
2025-05-26,0,0,0,0,0,2025,2,5,22
2025-06-02,7,0,0,0,0,2025,2,6,23
2025-06-09,3,1,1,0,0,2025,2,6,24
2025-06-16,0,0,0,0,0,2025,2,6,25
2025-06-23,4,1,1,0,0,2025,2,6,26
2025-06-30,2,0,0,0,0,2025,2,6,27
2025-07-07,1,0,0,0,0,2025,3,7,28
2025-07-14,9,0,0,0,0,2025,3,7,29
2025-07-21,0,0,0,0,0,2025,3,7,30
2025-07-28,0,0,0,0,0,2025,3,7,31
2025-08-04,6,0,0,0,0,2025,3,8,32
2025-08-11,14,1,0,0,0,2025,3,8,33
2025-08-18,9,0,0,0,0,2025,3,8,34
2025-08-25,6,0,0,0,0,2025,3,8,35
2025-09-01,3,0,0,0,0,2025,3,9,36
2025-09-08,0,0,0,0,0,2025,3,9,37
2025-09-15,0,0,0,0,0,2025,3,9,38
2025-09-22,6,0,1,0,0,2025,3,9,39
2025-09-29,0,0,0,0,0,2025,3,9,40
2025-10-06,1,0,0,0,0,2025,4,10,41
2025-10-13,3,0,0,0,0,2025,4,10,42
2025-10-20,0,0,0,0,0,2025,4,10,43
2025-10-27,1,0,0,0,0,2025,4,10,44
2025-11-03,0,0,0,0,0,2025,4,11,45
2025-11-10,0,0,0,0,0,2025,4,11,46
2025-11-17,4,0,0,0,0,2025,4,11,47
2025-11-24,0,0,0,0,0,2025,4,11,48
2025-12-01,7,1,0,0,0,2025,4,12,49
2025-12-08,2,0,0,0,0,2025,4,12,50
2025-12-15,5,0,0,0,0,2025,4,12,51
2025-12-22,6,0,0,0,0,2025,4,12,52
2025-12-29,2,0,0,0,0,2025,4,12,1
2026-01-05,0,0,0,0,0,2026,1,1,2
2026-01-12,0,0,0,0,0,2026,1,1,3
2026-01-19,0,0,0,0,0,2026,1,1,4
2026-01-26,1,0,0,0,0,2026,1,1,5
2026-02-02,7,1,0,0,0,2026,1,2,6
2026-02-09,2,0,0,0,0,2026,1,2,7
2026-02-16,3,0,0,0,0,2026,1,2,8
2026-02-23,0,0,0,0,0,2026,1,2,9
2026-03-02,1,0,0,0,0,2026,1,3,10
2026-03-09,2,0,0,0,0,2026,1,3,11
2026-03-16,11,1,0,0,0,2026,1,3,12
2026-03-23,2,0,0,0,0,2026,1,3,13
2026-03-30,11,1,0,0,0,2026,1,3,14
2026-04-06,4,0,0,0,0,2026,2,4,15
2026-04-13,4,0,1,0,0,2026,2,4,16
2026-04-20,5,0,0,0,0,2026,2,4,17
2026-04-27,1,0,0,0,0,2026,2,4,18
2026-05-04,6,1,0,0,0,2026,2,5,19
2026-05-11,22,0,1,0,0,2026,2,5,20
2026-05-18,0,0,0,0,0,2026,2,5,21
2026-05-25,0,0,0,0,0,2026,2,5,22
2026-06-01,1,0,0,0,0,2026,2,6,23
2026-06-08,1,0,0,0,0,2026,2,6,24
2026-06-15,0,0,0,0,0,2026,2,6,25
2026-06-22,8,1,0,0,0,2026,2,6,26
2026-06-29,13,0,1,0,0,2026,2,6,27
2026-07-06,0,0,0,0,0,2026,3,7,28
2026-07-13,5,0,0,0,0,2026,3,7,29
2026-07-20,9,1,1,0,0,2026,3,7,30
2026-07-27,2,0,0,0,0,2026,3,7,31
2026-08-03,5,0,0,0,0,2026,3,8,32
2026-08-10,5,0,1,0,0,2026,3,8,33
2026-08-17,10,0,1,0,0,2026,3,8,34
2026-08-24,7,1,0,0,0,2026,3,8,35
2026-08-31,7,0,1,0,0,2026,3,8,36
2026-09-07,3,0,0,0,0,2026,3,9,37
2026-09-14,6,1,1,0,0,2026,3,9,38
2026-09-21,5,0,0,0,0,2026,3,9,39
