no_asal,tanggal_pemesanan,tanggal_barang_keluar,jenis_hari,nama_pembeli,kode_produk,nama_produk,kategori,jumlah_produk_dibeli,harga_satuan,ukuran_harga,satuan_produk,diskon,total_transaksi,keterangan,selisih_hari,flag_urutan_tanggal_salah,flag_total_tidak_cocok,flag_tgl_masa_depan,sumber,alasan,tanggal_barang_masuk,jumlah_produk_masuk,demand_aktual_siklus,flag_demand_melebihi_masuk,flag_urutan_masuk_keluar_salah,lt_pemasok_hari,flag_lt_pemasok_negatif,rasio_pemakaian,flag_overstock_ekstrem
696.0,2026-10-04,2026-10-04,REGULER,IBU SUWADIE,PSK,PISANG KEPOK,sayuran,2.0,20000.0,1.0,SISIR,0.0,40000.0,2 SISIR PISANG KEPOK,0.0,False,False,True,penjualan,tanggal masa depan,,,,,,,,,
697.0,2026-10-05,2026-10-05,REGULER,IBU ATI,PSK,PISANG KEPOK,sayuran,2.0,20000.0,1.0,SISIR,0.0,40000.0,2 SISIR PISANG KEPOK,0.0,False,False,True,penjualan,tanggal masa depan,,,,,,,,,
698.0,2026-10-06,2026-10-06,REGULER,INTAN,MDT,MEDIA TANAM,pertanian,3.0,17000.0,1.0,SACK,0.0,51000.0,"3 MEDIA TANAM, 50RB",0.0,False,False,True,penjualan,tanggal masa depan,,,,,,,,,
699.0,2026-10-08,2026-10-08,BAZAAR,GINANJAR,PSK,PISANG KEPOK,sayuran,1.0,20000.0,1.0,SISIR,0.0,20000.0,1 SISIR PISANG KEPOK,0.0,False,False,True,penjualan,tanggal masa depan,,,,,,,,,
700.0,2026-10-08,2026-10-08,BAZAAR,IBU SULISTYO,PSK,PISANG KEPOK,sayuran,1.0,20000.0,1.0,SISIR,0.0,20000.0,1 SISIR PISANG KEPOK,0.0,False,False,True,penjualan,tanggal masa depan,,,,,,,,,
701.0,2026-10-08,2026-10-08,BAZAAR,PENGUNJUNG,PMJ,PERMEN JELLY,makanan,4.0,10000.0,100.0,GR,0.0,40000.0,"BUNGKUS, IBU TRIEE, @7500",0.0,False,False,True,penjualan,tanggal masa depan,,,,,,,,,
702.0,2026-10-05,2026-10-08,MINI BAZAAR,PENGUNJUNG,MLB,MINUMAN LIDAH BUAYA,minuman,4.0,6000.0,1.0,BOTOL,0.0,24000.0,MINI BAZAAR DI POKTAN,3.0,False,False,True,penjualan,tanggal masa depan,,,,,,,,,
703.0,2026-10-13,2026-10-13,REGULER,IBU IRAWAN,MDT,MEDIA TANAM,pertanian,6.0,17000.0,1.0,SACK,0.0,102000.0,"6 MEDIA TANAM, 100RB",0.0,False,False,True,penjualan,tanggal masa depan,,,,,,,,,
704.0,2026-10-14,2026-10-14,REGULER,NILA,MDT,MEDIA TANAM,pertanian,2.0,17000.0,1.0,SACK,0.0,34000.0,"2 MEDIA TANAM, 1 PUPUK, 50RB",0.0,False,False,True,penjualan,tanggal masa depan,,,,,,,,,
705.0,2026-10-15,2026-10-15,REGULER,NILA,PPK,PUPUK,pertanian,1.0,17000.0,1.0,SACK,0.0,17000.0,,0.0,False,False,True,penjualan,tanggal masa depan,,,,,,,,,
706.0,2026-10-16,2026-10-16,REGULER,NENI,MDT,MEDIA TANAM,pertanian,2.0,17000.0,1.0,SACK,0.0,34000.0,"2 MEDIA TANAM, 1 PUPUK, 50RB",0.0,False,False,True,penjualan,tanggal masa depan,,,,,,,,,
707.0,2026-10-17,2026-10-17,REGULER,NENI,PPK,PUPUK,pertanian,1.0,17000.0,1.0,SACK,0.0,17000.0,,0.0,False,False,True,penjualan,tanggal masa depan,,,,,,,,,
708.0,2026-10-17,2026-10-17,REGULER,IBU HJ. NUR,PPK,PUPUK,pertanian,3.0,17000.0,1.0,SACK,0.0,51000.0,"3 PUPUK, 50RB",0.0,False,False,True,penjualan,tanggal masa depan,,,,,,,,,
709.0,2026-10-18,2026-10-18,REGULER,IBU TOTOK,MDT,MEDIA TANAM,pertanian,3.0,17000.0,1.0,SACK,0.0,51000.0,"3 MEDIA TANAM, 50RB",0.0,False,False,True,penjualan,tanggal masa depan,,,,,,,,,
710.0,2026-10-20,2026-10-20,REGULER,PANEN,KKG,KANGKUNG,sayuran,11.0,3000.0,1.0,IKAT,0.0,33000.0,PANEN KANGKUNG 11 KG,0.0,False,False,True,penjualan,tanggal masa depan,,,,,,,,,
711.0,2026-10-21,2026-10-21,MINI BAZAAR,PENGUNJUNG,KRL,KERIPIK LABU,makanan,8.0,10000.0,100.0,GR,0.0,80000.0,"MINI BAZAAR DI POKTAN, OMSET 965.000",0.0,False,False,True,penjualan,tanggal masa depan,,,,,,,,,
712.0,2026-10-21,2026-10-21,MINI BAZAAR,PENGUNJUNG,BMG,BAWANG MERAH GORENG,makanan,12.0,15000.0,100.0,GR,0.0,180000.0,MINI BAZAAR DI POKTAN,0.0,False,False,True,penjualan,tanggal masa depan,,,,,,,,,
713.0,2026-10-21,2026-10-21,MINI BAZAAR,PENGUNJUNG,KKG,KANGKUNG,sayuran,2.0,3000.0,1.0,IKAT,0.0,6000.0,MINI BAZAAR DI POKTAN,0.0,False,False,True,penjualan,tanggal masa depan,,,,,,,,,
714.0,2026-10-25,2026-10-25,BAZAAR,PENGUNJUNG,KMG,KEMANGI,sayuran,6.0,1000.0,1.0,IKAT,0.0,6000.0,BAZAAR PASAR TUMBUH,0.0,False,False,True,penjualan,tanggal masa depan,,,,,,,,,
715.0,2026-10-25,2026-10-25,BAZAAR,PENGUNJUNG,TTL,TEH BUNGA TELANG,minuman,7.0,5000.0,10.0,GR,0.0,35000.0,BAZAAR PASAR TUMBUH,0.0,False,False,True,penjualan,tanggal masa depan,,,,,,,,,
716.0,2026-10-25,2026-10-25,BAZAAR,PENGUNJUNG,KJG,KERIPIK JAGUNG GEPREK,makanan,8.0,10000.0,100.0,GR,0.0,80000.0,BAZAAR PASAR TUMBUH,0.0,False,False,True,penjualan,tanggal masa depan,,,,,,,,,
717.0,2026-10-29,2026-10-29,MINI BAZAAR,PENGUNJUNG,KCT,KACANG TELOR,makanan,11.0,15000.0,250.0,GR,0.0,165000.0,MINI BAZAAR DI POKTAN,0.0,False,False,True,penjualan,tanggal masa depan,,,,,,,,,
718.0,2026-10-26,2026-10-29,MINI BAZAAR,PENGUNJUNG,MNJ,MINUMAN JERUK,minuman,3.0,6000.0,1.0,BOTOL,0.0,18000.0,MINI BAZAAR DI POKTAN,3.0,False,False,True,penjualan,tanggal masa depan,,,,,,,,,
719.0,2026-10-26,2026-10-29,MINI BAZAAR,PENGUNJUNG,MNT,MINUMAN TIMUN,minuman,4.0,6000.0,1.0,BOTOL,0.0,24000.0,MINI BAZAAR DI POKTAN,3.0,False,False,True,penjualan,tanggal masa depan,,,,,,,,,
720.0,2026-10-29,2026-10-29,MINI BAZAAR,PENGUNJUNG,GRG,GORENGAN,makanan,7.0,2000.0,1.0,PCS,0.0,14000.0,MINI BAZAAR DI POKTAN,0.0,False,False,True,penjualan,tanggal masa depan,,,,,,,,,
721.0,2026-10-29,2026-10-29,MINI BAZAAR,PENGUNJUNG,RJK,RUJAK KANGKUNG,makanan,10.0,5000.0,1.0,PORSI,0.0,50000.0,MINI BAZAAR DI POKTAN,0.0,False,False,True,penjualan,tanggal masa depan,,,,,,,,,
722.0,2026-10-29,2026-10-29,MINI BAZAAR,PENGUNJUNG,CRG,CIRENG,makanan,11.0,5000.0,1.0,PCS,0.0,55000.0,MINI BAZAAR DI POKTAN,0.0,False,False,True,penjualan,tanggal masa depan,,,,,,,,,
723.0,2026-10-29,2026-10-29,MINI BAZAAR,PENGUNJUNG,TTL,TEH BUNGA TELANG,minuman,3.0,5000.0,10.0,GR,0.0,15000.0,MINI BAZAAR DI POKTAN,0.0,False,False,True,penjualan,tanggal masa depan,,,,,,,,,
,2024-07-22,2024-07-22,,,KKG,KANGKUNG,,,,,IKAT,,,,,,,,stok,batch ganda (kode_produk + tanggal keluar sama),2024-07-21,215.0,215.0,,,,,,
,2024-07-25,2024-07-25,,,BYM,BAYAM,,,,,IKAT,,,,,,,,stok,batch ganda (kode_produk + tanggal keluar sama),2024-07-24,128.0,77.0,,,,,,
,2024-07-25,2024-07-25,,,SLD,SELADA,,,,,GR,,,,,,,,stok,batch ganda (kode_produk + tanggal keluar sama),2024-07-24,95.0,43.0,,,,,,
,2024-07-30,2024-07-30,,,HSP,HASIL PANEN,,,,,IKAT,,,,,,,,stok,batch ganda (kode_produk + tanggal keluar sama),2024-07-29,208.0,135.0,,,,,,
,2024-08-04,2024-08-07,,,PLB,PERMEN LIDAH BUAYA,,,,,GR,,,,,,,,stok,batch ganda (kode_produk + tanggal keluar sama),2024-08-06,109.5,3.0,,,,,,
,2025-04-17,2025-04-17,,,HSP,HASIL PANEN,,,,,IKAT,,,,,,,,stok,batch ganda (kode_produk + tanggal keluar sama),2025-04-16,179.0,33.0,,,,,,
,2025-04-29,2025-05-02,,,PLB,PERMEN LIDAH BUAYA,,,,,GR,,,,,,,,stok,batch ganda (kode_produk + tanggal keluar sama),2025-05-01,66.0,5.0,,,,,,
,2025-06-04,2025-06-04,,,PPK,PUPUK,,,,,SACK,,,,,,,,stok,batch ganda (kode_produk + tanggal keluar sama),2025-06-03,28.0,8.0,,,,,,
,2025-06-06,2025-06-06,,,HSP,HASIL PANEN,,,,,IKAT,,,,,,,,stok,batch ganda (kode_produk + tanggal keluar sama),2025-06-05,131.0,11.0,,,,,,
,2025-06-27,2025-06-29,,,MLB,MINUMAN LIDAH BUAYA,,,,,BOTOL,,,,,,,,stok,batch ganda (kode_produk + tanggal keluar sama),2025-06-28,87.0,87.0,,,,,,
,2025-06-28,2025-06-29,,,PLB,PERMEN LIDAH BUAYA,,,,,GR,,,,,,,,stok,batch ganda (kode_produk + tanggal keluar sama),2025-06-28,139.0,44.0,,,,,,
,2025-07-14,2025-07-14,,,KKG,KANGKUNG,,,,,IKAT,,,,,,,,stok,batch ganda (kode_produk + tanggal keluar sama),2025-07-13,89.0,25.0,,,,,,
,2025-07-18,2025-07-18,,,BYM,BAYAM,,,,,IKAT,,,,,,,,stok,batch ganda (kode_produk + tanggal keluar sama),2025-07-17,107.0,38.0,,,,,,
,2025-08-13,2025-08-15,,,PLB,PERMEN LIDAH BUAYA,,,,,GR,,,,,,,,stok,batch ganda (kode_produk + tanggal keluar sama),2025-08-14,75.0,36.0,,,,,,
,2025-08-15,2025-08-15,,,BSY,BIBIT SAYURAN,,,,,POLIBAG,,,,,,,,stok,batch ganda (kode_produk + tanggal keluar sama),2025-08-14,57.0,4.0,,,,,,
,2025-08-22,2025-08-22,,,SLD,SELADA,,,,,GR,,,,,,,,stok,batch ganda (kode_produk + tanggal keluar sama),2025-08-21,71.0,25.0,,,,,,
,2025-08-23,2025-08-23,,,SAW,SAWI,,,,,IKAT,,,,,,,,stok,batch ganda (kode_produk + tanggal keluar sama),2025-08-22,56.0,27.0,,,,,,
,2025-09-26,2025-09-26,,,BLB,BIBIT LIDAH BUAYA,,,,,BIBIT,,,,,,,,stok,batch ganda (kode_produk + tanggal keluar sama),2025-09-25,53.0,2.0,,,,,,
,2025-10-17,2025-10-17,,,HSP,HASIL PANEN,,,,,IKAT,,,,,,,,stok,batch ganda (kode_produk + tanggal keluar sama),2025-10-16,16.0,10.0,,,,,,
,2025-10-17,2025-10-17,,,JGG,JAGUNG,,,,,KG,,,,,,,,stok,batch ganda (kode_produk + tanggal keluar sama),2025-10-16,53.0,25.0,,,,,,
,2025-12-02,2025-12-05,,,LDB,LIDAH BUAYA,,,,,KG,,,,,,,,stok,batch ganda (kode_produk + tanggal keluar sama),2025-12-04,80.0,2.0,,,,,,
,2025-12-04,2025-12-04,,,KKG,KANGKUNG,,,,,IKAT,,,,,,,,stok,batch ganda (kode_produk + tanggal keluar sama),2025-12-03,45.0,19.0,,,,,,
,2025-12-05,2025-12-05,,,SYR,SAYUR,,,,,IKAT,,,,,,,,stok,batch ganda (kode_produk + tanggal keluar sama),2025-12-04,44.0,7.0,,,,,,
,2025-12-16,2025-12-16,,,BYM,BAYAM,,,,,IKAT,,,,,,,,stok,batch ganda (kode_produk + tanggal keluar sama),2025-12-15,85.0,6.0,,,,,,
,2025-12-21,2025-12-24,,,PLB,PERMEN LIDAH BUAYA,,,,,GR,,,,,,,,stok,batch ganda (kode_produk + tanggal keluar sama),2025-12-23,36.7,8.0,,,,,,
,2026-01-30,2026-01-30,,,PPK,PUPUK,,,,,SACK,,,,,,,,stok,batch ganda (kode_produk + tanggal keluar sama),2026-01-29,55.0,55.0,,,,,,
,2026-03-27,2026-03-30,,,MLB,MINUMAN LIDAH BUAYA,,,,,BOTOL,,,,,,,,stok,batch ganda (kode_produk + tanggal keluar sama),2026-03-29,51.3,4.0,,,,,,
,2026-04-11,2026-04-11,,,MDT,MEDIA TANAM,,,,,SACK,,,,,,,,stok,batch ganda (kode_produk + tanggal keluar sama),2026-04-10,31.0,31.0,,,,,,
,2026-05-09,2026-05-09,,,KJG,KERIPIK JAGUNG GEPREK,,,,,GR,,,,,,,,stok,batch ganda (kode_produk + tanggal keluar sama),2026-05-08,29.0,29.0,,,,,,
,2026-05-09,2026-05-12,,,MNJ,MINUMAN JERUK,,,,,BOTOL,,,,,,,,stok,batch ganda (kode_produk + tanggal keluar sama),2026-05-11,10.0,2.0,,,,,,
,2026-05-10,2026-05-12,,,MNT,MINUMAN TIMUN,,,,,BOTOL,,,,,,,,stok,batch ganda (kode_produk + tanggal keluar sama),2026-05-11,24.0,24.0,,,,,,
,2026-05-12,2026-05-12,,,CRG,CIRENG,,,,,PCS,,,,,,,,stok,batch ganda (kode_produk + tanggal keluar sama),2026-05-11,42.0,42.0,,,,,,
,2026-05-12,2026-05-12,,,GRG,GORENGAN,,,,,PCS,,,,,,,,stok,batch ganda (kode_produk + tanggal keluar sama),2026-05-11,61.0,61.0,,,,,,
,2026-05-12,2026-05-12,,,KCT,KACANG TELOR,,,,,GR,,,,,,,,stok,batch ganda (kode_produk + tanggal keluar sama),2026-05-11,28.0,28.0,,,,,,
,2026-05-12,2026-05-12,,,RJK,RUJAK KANGKUNG,,,,,PORSI,,,,,,,,stok,batch ganda (kode_produk + tanggal keluar sama),2026-05-11,58.0,58.0,,,,,,
,2026-05-14,2026-05-14,,,KKG,KANGKUNG,,,,,IKAT,,,,,,,,stok,batch ganda (kode_produk + tanggal keluar sama),2026-05-13,84.0,84.0,,,,,,
,2026-05-15,2026-05-15,,,BMG,BAWANG MERAH GORENG,,,,,GR,,,,,,,,stok,batch ganda (kode_produk + tanggal keluar sama),2026-05-14,39.0,39.0,,,,,,
,2026-05-15,2026-05-15,,,KRL,KERIPIK LABU,,,,,GR,,,,,,,,stok,batch ganda (kode_produk + tanggal keluar sama),2026-05-14,34.0,34.0,,,,,,
,2026-07-14,2026-07-17,,,LDB,LIDAH BUAYA,,,,,KG,,,,,,,,stok,batch ganda (kode_produk + tanggal keluar sama),2026-07-16,49.5,3.0,,,,,,
,2026-08-22,2026-08-22,,,KKG,KANGKUNG,,,,,IKAT,,,,,,,,stok,batch ganda (kode_produk + tanggal keluar sama),2026-08-21,72.0,15.0,,,,,,
,2026-10-06,2026-10-06,,,MDT,MEDIA TANAM,,,,,SACK,,,,,,,True,stok,tanggal masa depan,2026-10-05,16.0,16.0,False,False,-1.0,True,1.0,False
,2026-10-20,2026-10-20,,,KKG,KANGKUNG,,,,,IKAT,,,,,,,True,stok,tanggal masa depan,2026-10-19,44.0,13.0,False,False,-1.0,True,0.29545454545454547,False
