kode_produk,model_terbaik,rmse_backtest_train,mae,rmse,mape,mase,mape_bermakna,nama_produk,tier_model
MDT,arima,4.545524749007539,2.67601781581278,3.5528210650729815,95.55789693900923,0.4766191286048736,1,MEDIA TANAM,penuh
KKG,arima,12.934919590125006,5.234553017765919,8.91635455035961,198.12265796736,0.47453424553578893,1,KANGKUNG,penuh
LDB,arima,2.3846665178906217,0.7903228386189332,1.67631030019532,33.51331502445245,0.4152543728336767,1,LIDAH BUAYA,penuh
PSK,arima,7.586715290255908,1.0818772543347208,1.8736568497867279,60.07599795503224,0.28690667518268836,1,PISANG KEPOK,penuh
MLB,croston_sba,5.82793111396326,5.370393716548384,12.00441281730432,214.27285958592844,1.60285597078521,1,MINUMAN LIDAH BUAYA,penuh
PPK,arima,1.5156841885771197,1.7701051917382167,2.991755149704955,64.88503177706518,1.7471168126247334,1,PUPUK,ringan
CKP,croston_sba,22.47662920959895,2.4230980612681603,2.8988376188082947,182.87642348204483,0.44167863395267737,1,COKLAT PERMEN,ringan
PMJ,arima,1.2060119749950617,1.1413501501675556,2.389059285506669,84.70523878397002,2.140031531564167,1,PERMEN JELLY,ringan
LBP,arima,3.098615351467852,0.6888618692225427,2.0821494222294707,18.034293188024378,0.5882415961900365,1,LABU PRIDA,ringan
