kode_produk,nama_produk,status_produk,minggu_sejak_terakhir_jual,n_minggu_train,n_pos_train,adi,cv2,n_pos_test,pola_demand,layak_model,saran_metode
MDT,MEDIA TANAM,aktif,2,97.0,36.0,2.6944444444444446,0.5347051840126633,13.0,lumpy,1,ARIMA & Prophet + bandingkan dengan Croston/SBA atau rata-rata bergerak (demand jarang)
KKG,KANGKUNG,aktif,5,98.0,35.0,2.8,0.6467722031435179,5.0,lumpy,1,ARIMA & Prophet + bandingkan dengan Croston/SBA atau rata-rata bergerak (demand jarang)
BYM,BAYAM,tidak_aktif_terbaru,40,98.0,31.0,3.161290322580645,0.19224720634751083,0.0,intermittent,0,Tidak terjual > 26 minggu: konfirmasi apakah dihentikan; jangan diprediksi
HSP,HASIL PANEN,tidak_aktif_terbaru,39,97.0,31.0,3.129032258064516,0.5580967598097503,0.0,lumpy,0,Tidak terjual > 26 minggu: konfirmasi apakah dihentikan; jangan diprediksi
SAW,SAWI,tidak_aktif_terbaru,47,98.0,25.0,3.92,0.2390710382513661,0.0,intermittent,0,Tidak terjual > 26 minggu: konfirmasi apakah dihentikan; jangan diprediksi
PLB,PERMEN LIDAH BUAYA,tidak_aktif_terbaru,38,98.0,24.0,4.083333333333333,0.6169278523938179,0.0,lumpy,0,Tidak terjual > 26 minggu: konfirmasi apakah dihentikan; jangan diprediksi
SLD,SELADA,tidak_aktif_terbaru,55,98.0,20.0,4.9,0.17239083541202477,0.0,intermittent,0,Tidak terjual > 26 minggu: konfirmasi apakah dihentikan; jangan diprediksi
LDB,LIDAH BUAYA,aktif,1,94.0,16.0,5.875,0.14354997789341223,3.0,intermittent,1,ARIMA & Prophet + bandingkan dengan Croston/SBA atau rata-rata bergerak (demand jarang)
PSK,PISANG KEPOK,aktif,0,97.0,14.0,6.928571428571429,0.41870769230769234,7.0,intermittent,1,ARIMA & Prophet + bandingkan dengan Croston/SBA atau rata-rata bergerak (demand jarang)
MLB,MINUMAN LIDAH BUAYA,aktif,6,98.0,13.0,7.538461538461538,0.4075874485596708,4.0,intermittent,1,ARIMA & Prophet + bandingkan dengan Croston/SBA atau rata-rata bergerak (demand jarang)
BLB,BIBIT LIDAH BUAYA,tidak_aktif_terbaru,42,95.0,9.0,10.555555555555555,0.4788,0.0,intermittent,0,Tidak terjual > 26 minggu: konfirmasi apakah dihentikan; jangan diprediksi
JGG,JAGUNG,tidak_aktif_terbaru,42,95.0,9.0,10.555555555555555,0.5298836554700697,0.0,lumpy,0,Tidak terjual > 26 minggu: konfirmasi apakah dihentikan; jangan diprediksi
BSY,BIBIT SAYURAN,tidak_aktif_terbaru,52,95.0,9.0,10.555555555555555,0.2908264462809918,0.0,intermittent,0,Tidak terjual > 26 minggu: konfirmasi apakah dihentikan; jangan diprediksi
PPK,PUPUK,aktif,1,77.0,8.0,9.625,0.1971722166422004,9.0,intermittent,0,Data terlalu sedikit: pakai rata-rata bergerak / aturan stok minimum
SYR,SAYUR,tidak_aktif_terbaru,42,95.0,8.0,11.875,0.27678975619220075,0.0,intermittent,0,Tidak terjual > 26 minggu: konfirmasi apakah dihentikan; jangan diprediksi
KRB,KERIPIK BAWANG,tidak_aktif_terbaru,58,97.0,7.0,13.857142857142858,0.1111111111111111,0.0,intermittent,0,Tidak terjual > 26 minggu: konfirmasi apakah dihentikan; jangan diprediksi
CKP,COKLAT PERMEN,aktif,1,73.0,7.0,10.428571428571429,4.004738637529498,3.0,lumpy,0,Data terlalu sedikit: pakai rata-rata bergerak / aturan stok minimum
PMJ,PERMEN JELLY,aktif,6,76.0,5.0,15.2,0.2854671280276817,3.0,intermittent,0,Data terlalu sedikit: pakai rata-rata bergerak / aturan stok minimum
LBP,LABU PRIDA,aktif,0,77.0,5.0,15.4,0.6759191624056489,2.0,lumpy,0,Data terlalu sedikit: pakai rata-rata bergerak / aturan stok minimum
JHE,JAHE,aktif,1,78.0,4.0,19.5,0.16147635524798154,3.0,intermittent,0,Data terlalu sedikit: pakai rata-rata bergerak / aturan stok minimum
MNM,MINUMAN,aktif,1,78.0,4.0,19.5,0.8677867056245435,2.0,lumpy,0,Data terlalu sedikit: pakai rata-rata bergerak / aturan stok minimum
KRY,KERIPIK BAYAM,aktif,1,73.0,3.0,24.333333333333332,0.11058263971462544,5.0,intermittent,0,Data terlalu sedikit: pakai rata-rata bergerak / aturan stok minimum
KMG,KEMANGI,aktif,4,74.0,2.0,37.0,0.5798816568047337,3.0,lumpy,0,Data terlalu sedikit: pakai rata-rata bergerak / aturan stok minimum
KNK,KENIKIR,tidak_aktif_terbaru,68,55.0,2.0,27.5,0.22222222222222227,0.0,intermittent,0,Tidak terjual > 26 minggu: konfirmasi apakah dihentikan; jangan diprediksi
TTL,TEH BUNGA TELANG,aktif,3,74.0,2.0,37.0,0.13850415512465375,6.0,intermittent,0,Data terlalu sedikit: pakai rata-rata bergerak / aturan stok minimum
BMG,BAWANG MERAH GORENG,aktif,5,75.0,1.0,75.0,,4.0,data_tidak_cukup,0,Data terlalu sedikit: pakai rata-rata bergerak / aturan stok minimum
CRG,CIRENG,aktif,3,74.0,1.0,74.0,,3.0,data_tidak_cukup,0,Data terlalu sedikit: pakai rata-rata bergerak / aturan stok minimum
GRG,GORENGAN,aktif,3,74.0,1.0,74.0,,3.0,data_tidak_cukup,0,Data terlalu sedikit: pakai rata-rata bergerak / aturan stok minimum
KJG,KERIPIK JAGUNG GEPREK,aktif,4,74.0,1.0,74.0,,3.0,data_tidak_cukup,0,Data terlalu sedikit: pakai rata-rata bergerak / aturan stok minimum
KCT,KACANG TELOR,aktif,3,74.0,1.0,74.0,,3.0,data_tidak_cukup,0,Data terlalu sedikit: pakai rata-rata bergerak / aturan stok minimum
KRL,KERIPIK LABU,aktif,5,75.0,1.0,75.0,,4.0,data_tidak_cukup,0,Data terlalu sedikit: pakai rata-rata bergerak / aturan stok minimum
MNJ,MINUMAN JERUK,aktif,3,74.0,1.0,74.0,,3.0,data_tidak_cukup,0,Data terlalu sedikit: pakai rata-rata bergerak / aturan stok minimum
MNT,MINUMAN TIMUN,aktif,3,74.0,1.0,74.0,,3.0,data_tidak_cukup,0,Data terlalu sedikit: pakai rata-rata bergerak / aturan stok minimum
PKC,PAKCOY,tidak_aktif_terbaru,75,51.0,1.0,51.0,,0.0,data_tidak_cukup,0,Tidak terjual > 26 minggu: konfirmasi apakah dihentikan; jangan diprediksi
PNP,PUPUK NPK,tidak_aktif_terbaru,58,34.0,1.0,34.0,,0.0,data_tidak_cukup,0,Tidak terjual > 26 minggu: konfirmasi apakah dihentikan; jangan diprediksi
PYB,PEYEK BAYAM,tidak_aktif_terbaru,52,28.0,1.0,28.0,,0.0,data_tidak_cukup,0,Tidak terjual > 26 minggu: konfirmasi apakah dihentikan; jangan diprediksi
RJK,RUJAK KANGKUNG,aktif,3,74.0,1.0,74.0,,3.0,data_tidak_cukup,0,Data terlalu sedikit: pakai rata-rata bergerak / aturan stok minimum
URE,UREA,tidak_aktif_terbaru,58,34.0,1.0,34.0,,0.0,data_tidak_cukup,0,Tidak terjual > 26 minggu: konfirmasi apakah dihentikan; jangan diprediksi
