kode_produk,metode,rmse_backtest_train
MDT,arima,4.545524749007539
MDT,croston_sba,5.484288524666661
KKG,arima,12.934919590125006
KKG,croston_sba,13.579927833125268
LDB,arima,2.3846665178906217
LDB,croston_sba,2.3992036449523093
PSK,arima,7.586715290255908
PSK,croston_sba,7.6161899154878
MLB,arima,5.838081106919021
MLB,croston_sba,5.82793111396326
PPK,arima,1.5156841885771197
PPK,croston_sba,2.301395561645569
CKP,arima,23.026276080761193
CKP,croston_sba,22.47662920959895
PMJ,arima,1.2060119749950617
PMJ,croston_sba,2.769222248074536
LBP,arima,3.098615351467852
LBP,croston_sba,4.145449875557287
