no.,tanggal_pemesanan,tanggal_barang_keluar,,jenis_hari,nama_pembeli,kode_produk,nama_produk,kategori,jumlah_produk_dibeli,harga_satuan,ukuran_harga,satuan_produk,diskon,total_transaksi,KETERANGAN
1,12/25/23,01/1/24,"7,00",Reguler,BU IRRIS,PLB,PERMEN LIDAH BUAYA,makanan,2,10000,100,GR,0,20000,2 PCS PERMEN LIDAH BUAYA
2,12/31/23,01/1/24,"1,00",Reguler,DAWIS,PLB,PERMEN LIDAH BUAYA,makanan,2,10000,100,GR,0,20000,2 PCS PERMEN LIDAH BUAYA
3,01/2/24,01/2/24,"0,00",Reguler,ANILA,SAW,SAWI,sayuran,5,4000,1,IKAT,0,20000,"SAWI, SELADA, KANGKUNG"
4,01/2/24,01/2/24,"0,00",Reguler,ANILA,SLD,SELADA ,sayuran,10,5000,200,GR,0,50000,
5,01/2/24,01/2/24,"0,00",Reguler,ANILA,KKG,KANGKUNG,sayuran,8,3000,1,IKAT,0,24000,
6,01/2/24,01/2/24,"0,00",Reguler,IBU INTAN,BYM,BAYAM,sayuran,6,4000,1,IKAT,0,24000,PANEN BAYAM  
7,01/3/24,01/6/24,"3,00",Bazzar,PENGUNJUNG,MLB,MINUMAN LIDAH BUAYA,minuman,9,6000,1,BOTOL,4000,50000,MINUMAN LIDAH BUAYA
8,12/30/23,01/6/24,"7,00",Bazzar,PKK,PLB,PERMEN LIDAH BUAYA,makanan,10,10000,100,GR,0,100000,PERMEN LIDAH BUAYA
9,01/6/24,01/6/24,"0,00",Bazzar,IBU ATI,SLD,SELADA,sayuran,4,5000,200,GR,0,20000,SELADA DAN KANGKUNG
10,01/6/24,01/6/24,"0,00",Bazzar,IBU ATI,KKG,KANGKUNG,sayuran,6,3000,1,IKAT,0,18000,
11,01/8/24,01/8/24,"0,00",Reguler,IBU YATI,KKG,KANGKUNG,sayuran,4,3000,1,IKAT,0,12000,PANEN KANGKUNG  
12,01/8/24,01/8/24,"0,00",Reguler,IBU ENENG,PSK,PISANG KEPOK,sayuran,7,20000,1,SISIR,0,140000,PANEN PISANG KEPOK
13,01/9/24,01/9/24,"0,00",Reguler,IBU IRRIS,BYM,BAYAM,sayuran,8,4000,1,IKAT,2000,30000,BAYAM
14,01/9/24,01/9/24,"0,00",Reguler,IBU ABDULLAH,PSK,PISANG KEPOK,sayuran,10,20000,1,SISIR,0,200000,PANEN PISANG KEPOK
15,01/10/24,01/10/24,"0,00",Reguler,IBU IRAWAN,MDT,MEDIA TANAM,pertanian,3,17000,1,SACK,1000,50000,"MEDIA TANAM 3 (@5000X3=15RB), 45RB"
16,01/10/24,01/10/24,"0,00",Reguler,IBU DESI PKK,MDT,MEDIA TANAM,pertanian,4,17000,1,SACK,0,68000,"4 MEDIA TANAM, 60RB"
17,01/13/24,01/13/24,"0,00",Bazzar,ACARA 17 AN,HSP,HASIL PANEN,pertanian,8,3000,1,IKAT,0,24000,HASIL PANEN 17 AN
18,01/13/24,01/13/24,"0,00",Bazzar,PENGUNJUNG,KRB,KERIPIK BAWANG,makanan,9,8000,100,GR,0,72000,KERIPIK BAWANG
19,01/10/24,01/15/24,"5,00",Reguler,BU ANILA,PLB,PERMEN LIDAH BUAYA,makanan,12,10000,100,GR,0,120000,"PERMEN LIDAH BUAYA, @5RB"
20,01/15/24,01/15/24,"0,00",Reguler,IBU YUS,KKG,KANGKUNG,sayuran,2,3000,1,IKAT,0,6000,KANGKUNG
21,01/16/24,01/16/24,"0,00",Reguler,IBU MAI,KKG,KANGKUNG,sayuran,4,3000,1,IKAT,0,12000,KANGKUNG
22,01/16/24,01/16/24,"0,00",Reguler,IBU NETI,KKG,KANGKUNG,sayuran,8,3000,1,IKAT,0,24000,KANGKUNG
23,01/17/24,01/17/24,"0,00",Reguler,IBU SAROH,KKG,KANGKUNG,sayuran,10,3000,1,IKAT,0,30000,KANGKUNG
24,01/17/24,01/17/24,"0,00",Reguler,IBU KASIH,KKG,KANGKUNG,sayuran,10,3000,1,IKAT,0,30000,KANGKUNG
25,01/18/24,01/18/24,"0,00",Reguler,PENJUAL LAUK,BYM,BAYAM,sayuran,4,4000,1,IKAT,0,16000,BAYAM
26,01/18/24,01/18/24,"0,00",Reguler,IBU TOTOK,SLD,SELADA,sayuran,6,5000,200,GR,0,30000,SELADA 5 IKAT
27,01/19/24,01/19/24,"0,00",Reguler,IBU ZUL,SAW,SAWI,sayuran,6,4000,1,IKAT,0,24000,SAWI DAN KANGKUNG
28,01/19/24,01/19/24,"0,00",Reguler,IBU ZUL,KKG,KANGKUNG,sayuran,9,3000,1,IKAT,0,27000,
29,01/19/24,01/19/24,"0,00",Reguler,PAK AZWAR,KKG,KANGKUNG,sayuran,8,3000,1,IKAT,0,24000,KANGKUNG
30,01/22/24,01/22/24,"0,00",Reguler,PENGUNJUNG,BSY,BIBIT SAYURAN,pertanian,11,10000,1,POLIBAG,10000,100000,BIBIT TOMAT
31,01/22/24,01/22/24,"0,00",Reguler,IRRIS,SAW,SAWI,sayuran,2,4000,1,IKAT,0,8000,SAWI
32,01/23/24,01/23/24,"0,00",Reguler,MIRA,JGG,JAGUNG,sayuran,6,10000,1,KG,0,60000,JAGUNG
33,01/23/24,01/23/24,"0,00",Reguler,INFAQ,HSP,HASIL PANEN,pertanian,7,3000,1,IKAT,0,21000,PANEN
34,01/24/24,01/24/24,"0,00",Reguler,SULISTYO,HSP,HASIL PANEN,pertanian,8,3000,1,IKAT,0,24000,PANEN
35,01/24/24,01/24/24,"0,00",Reguler,BU TOTOK,HSP,HASIL PANEN,pertanian,10,3000,1,IKAT,0,30000,PANEN
36,01/25/24,01/25/24,"0,00",Reguler,BU ZUL,HSP,HASIL PANEN,pertanian,3,3000,1,IKAT,0,9000,PANEN
37,01/25/24,01/25/24,"0,00",Reguler,PENGUNJUNG,BLB,BIBIT LIDAH BUAYA,pertanian,6,10000,3,BIBIT,0,60000,BIBIT LIDAH BUAYA
38,01/26/24,01/26/24,"0,00",Reguler,ANILA,SYR,SAYUR,sayuran,6,4000,1,IKAT,0,24000,SAYUR
39,01/26/24,01/26/24,"0,00",Reguler,IBU PAIRIN,MDT,MEDIA TANAM,pertanian,8,17000,1,SACK,0,136000,"3 MEDIA TANAM, 45RB"
40,01/29/24,01/29/24,"0,00",Reguler,IBU SUWADIE,MDT,MEDIA TANAM,pertanian,12,17000,1,SACK,0,204000,"MEDIA TANAM 4 (@5000X4=20RB), 60RB"
41,01/29/24,01/29/24,"0,00",Reguler,IBU SUNJOYO,BYM,BAYAM,sayuran,2,4000,1,IKAT,0,8000,BAYAM
42,01/23/24,01/30/24,"7,00",Reguler,IBU ANILA,LDB,LIDAH BUAYA,sayuran,5,10000,1,KG,0,50000,3 HELAI LIDAH BUAYA
43,01/30/24,01/30/24,"0,00",Reguler,IBU RW,HSP,HASIL PANEN,pertanian,7,3000,1,IKAT,0,21000,PANEN
44,01/31/24,01/31/24,"0,00",Reguler,IBU ITOH,KKG,KANGKUNG,sayuran,9,3000,1,IKAT,0,27000,KANGKUNG
45,01/31/24,01/31/24,"0,00",Reguler,IBU DESI,MDT,MEDIA TANAM,pertanian,10,17000,1,SACK,0,170000,"MEDIA TANAM 2 (@5000X1=5RB), 25RB"
46,02/1/24,02/1/24,"0,00",Reguler,IBU EKA,KKG,KANGKUNG,sayuran,3,3000,1,IKAT,0,9000,KANGKUNG
47,01/26/24,02/1/24,"6,00",Reguler,BU LURAH,PLB,PERMEN LIDAH BUAYA,makanan,6,10000,100,GR,0,60000,1 PCS PERMEN LIDAH BUAYA
48,01/26/24,02/1/24,"6,00",Reguler,ROMLAH,PLB,PERMEN LIDAH BUAYA,makanan,6,10000,100,GR,0,60000,2 PCS PERMEN LIDAH BUAYA
49,02/2/24,02/2/24,"0,00",Reguler,BU SUWADIE,HSP,HASIL PANEN,pertanian,9,3000,1,IKAT,0,27000,PANEN
50,02/2/24,02/5/24,"3,00",Reguler,BU TRI PKK,PLB,PERMEN LIDAH BUAYA,makanan,12,10000,100,GR,0,120000,6 POUCH PERMEN LIDAH BUAYA
51,02/1/24,02/5/24,"4,00",Reguler,BU YATI,PLB,PERMEN LIDAH BUAYA,makanan,4,10000,100,GR,0,40000,2 POUCH PERMEN LIDAH BUAYA
52,02/3/24,02/6/24,"3,00",Reguler,BU EKA,PLB,PERMEN LIDAH BUAYA,makanan,5,10000,100,GR,0,50000,1 POUCH PERMEN LIDAH BUAYA
53,02/6/24,02/6/24,"0,00",Reguler,BU IRRIS,PLB,PERMEN LIDAH BUAYA,makanan,8,10000,100,GR,0,80000,2 POUCH PERMEN LIDAH BUAYA
54,02/7/24,02/7/24,"0,00",Reguler,DAWIS,PLB,PERMEN LIDAH BUAYA,makanan,10,10000,100,GR,0,100000,4 POUCH PERMEN LIDAH BUAYA
55,02/7/24,02/7/24,"0,00",Reguler,BU IRRIS,SAW,SAWI,sayuran,12,4000,1,IKAT,0,48000,"SAWI, SELADA, KANGKUNG"
56,02/7/24,02/7/24,"0,00",Reguler,BU IRRIS,SLD,SELADA ,sayuran,9,5000,200,GR,0,45000,
57,02/7/24,02/7/24,"0,00",Reguler,BU IRRIS,KKG,KANGKUNG,sayuran,8,3000,1,IKAT,0,24000,
58,02/8/24,02/8/24,"0,00",Reguler,IBU INTAN,BYM,BAYAM,sayuran,4,4000,1,IKAT,0,16000,PANEN BAYAM  
59,02/6/24,02/10/24,"4,00",Bazzar,PENGUNJUNG,MLB,MINUMAN LIDAH BUAYA,minuman,4,6000,1,BOTOL,0,24000,MINUMAN LIDAH BUAYA
60,02/6/24,02/10/24,"4,00",Bazzar,PKK,PLB,PERMEN LIDAH BUAYA,makanan,6,10000,100,GR,0,60000,PERMEN LIDAH BUAYA
61,02/12/24,02/12/24,"0,00",Reguler,IBU ATI,SLD,SELADA,sayuran,10,5000,200,GR,0,50000,SELADA DAN KANGKUNG
62,02/12/24,02/12/24,"0,00",Reguler,IBU ATI,KKG,KANGKUNG,sayuran,8,3000,1,IKAT,0,24000,
63,02/12/24,02/12/24,"0,00",Reguler,IBU YATI,KKG,KANGKUNG,sayuran,11,3000,1,IKAT,0,33000,PANEN KANGKUNG  
64,02/13/24,02/13/24,"0,00",Reguler,IBU ENENG,PSK,PISANG KEPOK,sayuran,4,20000,1,SISIR,0,80000,PANEN PISANG KEPOK
65,02/13/24,02/13/24,"0,00",Reguler,IBU IRRIS,BYM,BAYAM,sayuran,4,4000,1,IKAT,0,16000,BAYAM
66,02/14/24,02/14/24,"0,00",Reguler,IBU ABDULLAH,PSK,PISANG KEPOK,sayuran,6,20000,1,SISIR,0,120000,PANEN PISANG KEPOK
67,02/14/24,02/14/24,"0,00",Reguler,IBU IRAWAN,MDT,MEDIA TANAM,pertanian,8,17000,1,SACK,6000,130000,"MEDIA TANAM 3 (@5000X3=15RB), 45RB"
68,02/15/24,02/15/24,"0,00",Reguler,IBU DESI PKK,MDT,MEDIA TANAM,pertanian,10,17000,1,SACK,0,170000,"4 MEDIA TANAM, 60RB"
69,02/17/24,02/17/24,"0,00",Bazzar,ACARA 17 AN,HSP,HASIL PANEN,pertanian,2,3000,1,IKAT,0,6000,HASIL PANEN 17 AN
70,02/17/24,02/17/24,"0,00",Bazzar,PENGUNJUNG,KRB,KERIPIK BAWANG,makanan,6,8000,100,GR,0,48000,KERIPIK BAWANG
71,02/11/24,02/17/24,"6,00",Bazzar,BU ANILA,PLB,PERMEN LIDAH BUAYA,makanan,8,10000,100,GR,0,80000,"PERMEN LIDAH BUAYA, @5RB"
72,02/19/24,02/19/24,"0,00",Reguler,IBU YUS,KKG,KANGKUNG,sayuran,10,3000,1,IKAT,0,30000,KANGKUNG
73,02/19/24,02/19/24,"0,00",Reguler,IBU MAI,KKG,KANGKUNG,sayuran,12,3000,1,IKAT,0,36000,KANGKUNG
74,02/20/24,02/20/24,"0,00",Reguler,IBU NETI,KKG,KANGKUNG,sayuran,4,3000,1,IKAT,0,12000,KANGKUNG
75,02/20/24,02/20/24,"0,00",Reguler,IBU SAROH,KKG,KANGKUNG,sayuran,5,3000,1,IKAT,0,15000,KANGKUNG
76,02/21/24,02/21/24,"0,00",Reguler,IBU KASIH,KKG,KANGKUNG,sayuran,7,3000,1,IKAT,0,21000,KANGKUNG
77,02/21/24,02/21/24,"0,00",Reguler,PENJUAL LAUK,BYM,BAYAM,sayuran,9,4000,1,IKAT,0,36000,BAYAM
78,02/22/24,02/22/24,"0,00",Reguler,IBU TOTOK,SLD,SELADA,sayuran,11,5000,200,GR,0,55000,SELADA 5 IKAT
79,02/22/24,02/22/24,"0,00",Reguler,IBU ZUL,SAW,SAWI,sayuran,3,4000,1,IKAT,0,12000,SAWI DAN KANGKUNG
80,02/22/24,02/22/24,"0,00",Reguler,IBU ZUL,KKG,KANGKUNG,sayuran,9,3000,1,IKAT,0,27000,
81,02/23/24,02/23/24,"0,00",Reguler,PAK AZWAR,KKG,KANGKUNG,sayuran,4,3000,1,IKAT,0,12000,KANGKUNG
82,02/23/24,02/23/24,"0,00",Reguler,PASAR TUMBUH,BSY,BIBIT SAYURAN,pertanian,7,10000,1,POLIBAG,0,70000,BIBIT TOMAT
83,02/26/24,02/26/24,"0,00",Reguler,IRRIS,SAW,SAWI,sayuran,8,4000,1,IKAT,0,32000,SAWI
84,02/26/24,02/26/24,"0,00",Reguler,MIRA,JGG,JAGUNG,sayuran,12,10000,1,KG,0,120000,JAGUNG
85,02/27/24,02/27/24,"0,00",Reguler,INFAQ,HSP,HASIL PANEN,pertanian,4,3000,1,IKAT,0,12000,PANEN
86,02/27/24,02/27/24,"0,00",Reguler,SULISTYO,HSP,HASIL PANEN,pertanian,5,3000,1,IKAT,0,15000,PANEN
87,02/28/24,02/28/24,"0,00",Reguler,BU TOTOK,HSP,HASIL PANEN,pertanian,7,3000,1,IKAT,0,21000,PANEN
88,02/28/24,02/28/24,"0,00",Reguler,BU ZUL,HSP,HASIL PANEN,pertanian,8,3000,1,IKAT,0,24000,PANEN
89,03/2/24,03/2/24,"0,00",Bazzar,PENGUNJUNG,BLB,BIBIT LIDAH BUAYA,pertanian,11,10000,3,BIBIT,0,110000,BIBIT LIDAH BUAYA
90,03/2/24,03/2/24,"0,00",Bazzar,ANILA,SYR,SAYUR,sayuran,2,4000,1,IKAT,0,8000,SAYUR
91,03/2/24,03/2/24,"0,00",Bazzar,IBU PAIRIN,MDT,MEDIA TANAM,pertanian,6,17000,1,SACK,2000,100000,"3 MEDIA TANAM, 45RB"
92,03/2/24,03/2/24,"0,00",Bazzar,IBU SUWADIE,MDT,MEDIA TANAM,pertanian,8,17000,1,SACK,0,136000,"MEDIA TANAM 4 (@5000X4=20RB), 60RB"
93,03/2/24,03/2/24,"0,00",Bazzar,IBU SUNJOYO,BYM,BAYAM,sayuran,9,4000,1,IKAT,0,36000,BAYAM
94,03/1/24,03/2/24,"1,00",Bazzar,IBU ANILA,LDB,LIDAH BUAYA,sayuran,10,10000,1,KG,0,100000,3 HELAI LIDAH BUAYA
95,03/4/24,03/4/24,"0,00",Reguler,IBU RW,HSP,HASIL PANEN,pertanian,4,3000,1,IKAT,0,12000,PANEN
96,03/4/24,03/4/24,"0,00",Reguler,IBU ITOH,KKG,KANGKUNG,sayuran,4,3000,1,IKAT,0,12000,KANGKUNG
97,03/5/24,03/5/24,"0,00",Reguler,IBU DESI,MDT,MEDIA TANAM,pertanian,7,17000,1,SACK,0,119000,"MEDIA TANAM 2 (@5000X1=5RB), 25RB"
98,03/5/24,03/5/24,"0,00",Reguler,IBU EKA,KKG,KANGKUNG,sayuran,9,3000,1,IKAT,0,27000,KANGKUNG
99,03/2/24,03/6/24,"4,00",Reguler,BU LURAH,PLB,PERMEN LIDAH BUAYA,makanan,12,10000,100,GR,0,120000,1 PCS PERMEN LIDAH BUAYA
100,03/2/24,03/6/24,"4,00",Reguler,ROMLAH,PLB,PERMEN LIDAH BUAYA,makanan,3,10000,100,GR,0,30000,2 PCS PERMEN LIDAH BUAYA
101,03/7/24,03/7/24,"0,00",Reguler,BU SUWADIE,HSP,HASIL PANEN,pertanian,5,3000,1,IKAT,0,15000,PANEN
102,03/1/24,03/7/24,"6,00",Reguler,BU TRI PKK,PLB,PERMEN LIDAH BUAYA,makanan,8,10000,100,GR,0,80000,6 PCS PERMEN LIDAH BUAYA
103,03/3/24,03/8/24,"5,00",Reguler,BU YATI,PLB,PERMEN LIDAH BUAYA,makanan,9,10000,100,GR,0,90000,2 PCS PERMEN LIDAH BUAYA
104,03/4/24,03/8/24,"4,00",Reguler,BU EKA,PLB,PERMEN LIDAH BUAYA,makanan,12,10000,100,GR,0,120000,1 PCS PERMEN LIDAH BUAYA
105,03/11/24,03/11/24,"0,00",Reguler,BU IRRIS,PLB,PERMEN LIDAH BUAYA,makanan,3,10000,100,GR,0,30000,2 PCS PERMEN LIDAH BUAYA
106,03/11/24,03/11/24,"0,00",Reguler,DAWIS,PLB,PERMEN LIDAH BUAYA,makanan,5,10000,100,GR,0,50000,4 PCS PERMEN LIDAH BUAYA
107,03/12/24,03/12/24,"0,00",Reguler,MIRA,SAW,SAWI,sayuran,8,4000,1,IKAT,0,32000,"SAWI, SELADA, KANGKUNG"
108,03/12/24,03/12/24,"0,00",Reguler,MIRA,SLD,SELADA ,sayuran,4,5000,200,GR,0,20000,
109,03/12/24,03/12/24,"0,00",Reguler,MIRA,KKG,KANGKUNG,sayuran,5,3000,1,IKAT,0,15000,
110,03/12/24,03/12/24,"0,00",Reguler,MIRA,BYM,BAYAM,sayuran,8,4000,1,IKAT,0,32000,
111,03/12/24,03/12/24,"0,00",Reguler,IBU INTAN,BYM,BAYAM,sayuran,9,4000,1,IKAT,0,36000,PANEN BAYAM  
112,03/13/24,03/16/24,"3,00",Bazzar,BAZAAR,MLB,MINUMAN LIDAH BUAYA,minuman,10,6000,1,BOTOL,0,60000,MINUMAN LIDAH BUAYA
113,03/8/24,03/16/24,"8,00",Bazzar,PKK,PLB,PERMEN LIDAH BUAYA,makanan,3,10000,100,GR,0,30000,PERMEN LIDAH BUAYA
114,03/18/24,03/18/24,"0,00",Reguler,IBU ATI,SLD,SELADA,sayuran,4,5000,200,GR,0,20000,SELADA DAN KANGKUNG
115,03/18/24,03/18/24,"0,00",Reguler,IBU ATI,KKG,KANGKUNG,sayuran,11,3000,1,IKAT,0,33000,
116,03/18/24,03/18/24,"0,00",Reguler,IBU YATI,KKG,KANGKUNG,sayuran,6,3000,1,IKAT,0,18000,PANEN KANGKUNG  
117,03/19/24,03/19/24,"0,00",Reguler,IBU ENENG,PSK,PISANG KEPOK,sayuran,9,20000,1,SISIR,0,180000,PANEN PISANG KEPOK
118,03/19/24,03/19/24,"0,00",Reguler,IBU IRRIS,BYM,BAYAM,sayuran,11,4000,1,IKAT,0,44000,BAYAM
119,03/20/24,03/20/24,"0,00",Reguler,IBU ABDULLAH,PSK,PISANG KEPOK,sayuran,4,20000,1,SISIR,0,80000,PANEN PISANG KEPOK
120,03/20/24,03/20/24,"0,00",Reguler,IBU IRAWAN,MDT,MEDIA TANAM,pertanian,6,17000,1,SACK,0,102000,"MEDIA TANAM 3 (@5000X3=15RB), 45RB"
121,03/21/24,03/21/24,"0,00",Reguler,IBU DESI PKK,MDT,MEDIA TANAM,pertanian,6,17000,1,SACK,0,102000,"4 MEDIA TANAM, 60RB"
122,03/23/24,03/23/24,"0,00",Bazzar,ACARA 17 AN,HSP,HASIL PANEN,pertanian,8,3000,1,IKAT,0,24000,HASIL PANEN 17 AN
123,03/23/24,03/23/24,"0,00",Bazzar,PENGUNJUNG,KRB,KERIPIK BAWANG,makanan,12,8000,100,GR,0,96000,KERIPIK BAWANG
124,03/19/24,03/23/24,"4,00",Bazzar,BU ANILA,PLB,PERMEN LIDAH BUAYA,makanan,3,10000,100,GR,0,30000,"PERMEN LIDAH BUAYA, @5RB"
125,03/25/24,03/25/24,"0,00",Reguler,IBU YUS,KKG,KANGKUNG,sayuran,5,3000,1,IKAT,0,15000,KANGKUNG
126,03/25/24,03/25/24,"0,00",Reguler,IBU MAI,KKG,KANGKUNG,sayuran,7,3000,1,IKAT,0,21000,KANGKUNG
127,03/26/24,03/26/24,"0,00",Reguler,IBU NETI,KKG,KANGKUNG,sayuran,10,3000,1,IKAT,0,30000,KANGKUNG
128,03/26/24,03/26/24,"0,00",Reguler,IBU SAROH,KKG,KANGKUNG,sayuran,12,3000,1,IKAT,0,36000,KANGKUNG
129,03/27/24,03/27/24,"0,00",Reguler,IBU KASIH,KKG,KANGKUNG,sayuran,4,3000,1,IKAT,0,12000,KANGKUNG
130,03/27/24,03/27/24,"0,00",Reguler,PENJUAL LAUK,BYM,BAYAM,sayuran,4,4000,1,IKAT,0,16000,BAYAM
131,03/28/24,03/28/24,"0,00",Reguler,IBU TOTOK,SLD,SELADA,sayuran,7,5000,200,GR,0,35000,SELADA 5 IKAT
132,03/28/24,03/28/24,"0,00",Reguler,IBU ZUL,SAW,SAWI,sayuran,10,4000,1,IKAT,0,40000,SAWI DAN KANGKUNG
133,03/28/24,03/28/24,"0,00",Reguler,IBU ZUL,KKG,KANGKUNG,sayuran,12,3000,1,IKAT,0,36000,
134,03/29/24,03/29/24,"0,00",Reguler,PAK AZWAR,KKG,KANGKUNG,sayuran,11,3000,1,IKAT,3000,30000,KANGKUNG
135,03/31/24,03/31/24,"0,00",Mini Bazzar,PASAR TUMBUH,BSY,BIBIT SAYURAN,pertanian,4,10000,1,POLIBAG,0,40000,BIBIT TOMAT
136,04/1/24,04/1/24,"0,00",Reguler,IRRIS,SAW,SAWI,sayuran,4,4000,1,IKAT,0,16000,SAWI
137,04/1/24,04/1/24,"0,00",Reguler,MIRA,JGG,JAGUNG,sayuran,6,10000,1,KG,0,60000,JAGUNG
138,04/2/24,04/2/24,"0,00",Reguler,INFAQ,HSP,HASIL PANEN,pertanian,10,3000,1,IKAT,0,30000,PANEN
139,04/2/24,04/2/24,"0,00",Reguler,SULISTYO,HSP,HASIL PANEN,pertanian,11,3000,1,IKAT,0,33000,PANEN
140,04/3/24,04/3/24,"0,00",Reguler,BU TOTOK,HSP,HASIL PANEN,pertanian,4,3000,1,IKAT,0,12000,PANEN
141,04/3/24,04/3/24,"0,00",Reguler,BU ZUL,HSP,HASIL PANEN,pertanian,6,3000,1,IKAT,0,18000,PANEN
142,04/4/24,04/6/24,"2,00",Bazzar,BAZAAR DI KELURAHAN,BLB,BIBIT LIDAH BUAYA,pertanian,7,10000,3,BIBIT,0,70000,BIBIT LIDAH BUAYA
143,04/8/24,04/8/24,"0,00",Reguler,ANILA,SYR,SAYUR,sayuran,10,4000,1,IKAT,0,40000,SAYUR
144,04/8/24,04/8/24,"0,00",Reguler,IBU PAIRIN,MDT,MEDIA TANAM,pertanian,11,17000,1,SACK,0,187000,"3 MEDIA TANAM, 45RB"
145,04/9/24,04/9/24,"0,00",Reguler,IBU SUWADIE,MDT,MEDIA TANAM,pertanian,3,17000,1,SACK,0,51000,"MEDIA TANAM 4 (@5000X4=20RB), 60RB"
146,04/9/24,04/9/24,"0,00",Reguler,IBU SUNJOYO,BYM,BAYAM,sayuran,5,4000,1,IKAT,0,20000,BAYAM
147,04/3/24,04/10/24,"7,00",Reguler,IBU ANILA,LDB,LIDAH BUAYA,sayuran,7,10000,1,KG,0,70000,3 HELAI LIDAH BUAYA
148,04/10/24,04/10/24,"0,00",Reguler,IBU RW,HSP,HASIL PANEN,pertanian,8,3000,1,IKAT,0,24000,PANEN
149,04/11/24,04/11/24,"0,00",Reguler,IBU ITOH,KKG,KANGKUNG,sayuran,10,3000,1,IKAT,0,30000,KANGKUNG
150,04/11/24,04/11/24,"0,00",Reguler,IBU DESI,MDT,MEDIA TANAM,pertanian,4,17000,1,SACK,0,68000,"MEDIA TANAM 2 (@5000X1=5RB), 25RB"
151,04/12/24,04/12/24,"0,00",Reguler,IBU EKA,KKG,KANGKUNG,sayuran,6,3000,1,IKAT,0,18000,KANGKUNG
152,04/6/24,04/12/24,"6,00",Reguler,BU LURAH,PLB,PERMEN LIDAH BUAYA,makanan,8,10000,100,GR,0,80000,1 PCS PERMEN LIDAH BUAYA
153,04/9/24,04/15/24,"6,00",Reguler,ROMLAH,PLB,PERMEN LIDAH BUAYA,makanan,10,10000,100,GR,0,100000,2 PCS PERMEN LIDAH BUAYA
154,04/15/24,04/15/24,"0,00",Reguler,BU SUWADIE,HSP,HASIL PANEN,pertanian,10,3000,1,IKAT,0,30000,PANEN
155,04/9/24,04/16/24,"7,00",Reguler,BU TRI PKK,PLB,PERMEN LIDAH BUAYA,makanan,3,10000,100,GR,0,30000,6 PCS PERMEN LIDAH BUAYA
156,04/10/24,04/16/24,"6,00",Reguler,BU YATI,PLB,PERMEN LIDAH BUAYA,makanan,6,10000,100,GR,0,60000,2 PCS PERMEN LIDAH BUAYA
157,04/14/24,04/17/24,"3,00",Reguler,BU EKA,PLB,PERMEN LIDAH BUAYA,makanan,6,10000,100,GR,0,60000,1 PCS PERMEN LIDAH BUAYA
158,04/13/24,04/17/24,"4,00",Reguler,BU IRRIS,PLB,PERMEN LIDAH BUAYA,makanan,9,10000,100,GR,0,90000,2 PCS PERMEN LIDAH BUAYA
159,04/11/24,04/18/24,"7,00",Reguler,DAWIS,PLB,PERMEN LIDAH BUAYA,makanan,11,10000,100,GR,0,110000,4 PCS PERMEN LIDAH BUAYA
160,04/18/24,04/18/24,"0,00",Reguler,IBU MAI,SAW,SAWI,sayuran,2,4000,1,IKAT,0,8000,"SAWI, SELADA, KANGKUNG"
161,04/18/24,04/18/24,"0,00",Reguler,IBU MAI,SLD,SELADA ,sayuran,8,5000,200,GR,0,40000,
162,04/18/24,04/18/24,"0,00",Reguler,IBU MAI,KKG,KANGKUNG,sayuran,10,3000,1,IKAT,0,30000,
163,04/19/24,04/19/24,"0,00",Reguler,IBU INTAN,BYM,BAYAM,sayuran,6,4000,1,IKAT,0,24000,PANEN BAYAM  
164,04/16/24,04/20/24,"4,00",Bazzar,BAZAAR,MLB,MINUMAN LIDAH BUAYA,minuman,7,6000,1,BOTOL,0,42000,MINUMAN LIDAH BUAYA
165,04/19/24,04/20/24,"1,00",Bazzar,PKK,PLB,PERMEN LIDAH BUAYA,makanan,8,10000,100,GR,0,80000,PERMEN LIDAH BUAYA
166,04/22/24,04/22/24,"0,00",Reguler,IBU NETI,SLD,SELADA,sayuran,10,5000,200,GR,0,50000,SELADA DAN KANGKUNG
167,04/22/24,04/22/24,"0,00",Reguler,IBU NETI,KKG,KANGKUNG,sayuran,7,3000,1,IKAT,0,21000,
168,04/22/24,04/22/24,"0,00",Reguler,IBU YATI,KKG,KANGKUNG,sayuran,4,3000,1,IKAT,0,12000,PANEN KANGKUNG  
169,04/23/24,04/23/24,"0,00",Reguler,IBU ENENG,PSK,PISANG KEPOK,sayuran,6,20000,1,SISIR,0,120000,PANEN PISANG KEPOK
170,04/23/24,04/23/24,"0,00",Reguler,IBU IRRIS,BYM,BAYAM,sayuran,7,4000,1,IKAT,0,28000,BAYAM
171,04/24/24,04/24/24,"0,00",Reguler,IBU ABDULLAH,PSK,PISANG KEPOK,sayuran,10,20000,1,SISIR,0,200000,PANEN PISANG KEPOK
172,04/24/24,04/24/24,"0,00",Reguler,IBU IRAWAN,MDT,MEDIA TANAM,pertanian,12,17000,1,SACK,0,204000,"MEDIA TANAM 3 (@5000X3=15RB), 45RB"
173,04/25/24,04/25/24,"0,00",Reguler,IBU DESI PKK,MDT,MEDIA TANAM,pertanian,3,17000,1,SACK,0,51000,"4 MEDIA TANAM, 60RB"
174,04/27/24,04/27/24,"0,00",Bazzar,ACARA 17 AN,HSP,HASIL PANEN,pertanian,6,3000,1,IKAT,0,18000,HASIL PANEN 17 AN
175,04/27/24,04/27/24,"0,00",Bazzar,PENGUNJUNG,KRB,KERIPIK BAWANG,makanan,6,8000,100,GR,0,48000,KERIPIK BAWANG
176,04/22/24,04/27/24,"5,00",Bazzar,BU ANILA,PLB,PERMEN LIDAH BUAYA,makanan,9,10000,100,GR,0,90000,"PERMEN LIDAH BUAYA, @5RB"
177,04/29/24,04/29/24,"0,00",Reguler,IBU YUS,KKG,KANGKUNG,sayuran,10,3000,1,IKAT,0,30000,KANGKUNG
178,04/29/24,04/29/24,"0,00",Reguler,IBU MAI,KKG,KANGKUNG,sayuran,4,3000,1,IKAT,0,12000,KANGKUNG
179,04/30/24,04/30/24,"0,00",Reguler,IBU NETI,KKG,KANGKUNG,sayuran,4,3000,1,IKAT,0,12000,KANGKUNG
180,04/30/24,04/30/24,"0,00",Reguler,IBU SAROH,KKG,KANGKUNG,sayuran,7,3000,1,IKAT,0,21000,KANGKUNG
181,05/1/24,05/1/24,"0,00",Reguler,IBU KASIH,KKG,KANGKUNG,sayuran,10,3000,1,IKAT,0,30000,KANGKUNG
182,05/1/24,05/1/24,"0,00",Reguler,PENJUAL LAUK,BYM,BAYAM,sayuran,10,4000,1,IKAT,0,40000,BAYAM
183,05/2/24,05/2/24,"0,00",Reguler,IBU TOTOK,SLD,SELADA,sayuran,3,5000,200,GR,0,15000,SELADA 5 IKAT
184,05/2/24,05/2/24,"0,00",Reguler,MIRA,SAW,SAWI,sayuran,4,4000,1,IKAT,0,16000,SAWI DAN KANGKUNG
185,05/2/24,05/2/24,"0,00",Reguler,MIRA,KKG,KANGKUNG,sayuran,10,3000,1,IKAT,0,30000,
186,05/3/24,05/3/24,"0,00",Reguler,PAK AZWAR,KKG,KANGKUNG,sayuran,7,3000,1,IKAT,0,21000,KANGKUNG
187,05/5/24,05/5/24,"0,00",Mini Bazzar,PASAR TUMBUH,BSY,BIBIT SAYURAN,pertanian,9,10000,1,POLIBAG,0,90000,BIBIT TOMAT
188,05/6/24,05/6/24,"0,00",Reguler,IRRIS,SAW,SAWI,sayuran,10,4000,1,IKAT,0,40000,SAWI
189,05/6/24,05/6/24,"0,00",Reguler,MIRA,JGG,JAGUNG,sayuran,3,10000,1,KG,0,30000,JAGUNG
190,05/7/24,05/7/24,"0,00",Reguler,INFAQ,HSP,HASIL PANEN,pertanian,5,3000,1,IKAT,0,15000,PANEN
191,05/7/24,05/7/24,"0,00",Reguler,SULISTYO,HSP,HASIL PANEN,pertanian,8,3000,1,IKAT,0,24000,PANEN
192,05/8/24,05/8/24,"0,00",Reguler,BU TOTOK,HSP,HASIL PANEN,pertanian,9,3000,1,IKAT,0,27000,PANEN
193,05/8/24,05/8/24,"0,00",Reguler,BU ZUL,HSP,HASIL PANEN,pertanian,12,3000,1,IKAT,0,36000,PANEN
194,05/11/24,05/11/24,"0,00",Bazzar,PENGUNJUNG,BLB,BIBIT LIDAH BUAYA,pertanian,3,10000,3,BIBIT,0,30000,BIBIT LIDAH BUAYA
195,05/13/24,05/13/24,"0,00",Reguler,ANILA,SYR,SAYUR,sayuran,5,4000,1,IKAT,0,20000,SAYUR
196,05/13/24,05/13/24,"0,00",Reguler,IBU PAIRIN,MDT,MEDIA TANAM,pertanian,8,17000,1,SACK,0,136000,"3 MEDIA TANAM, 45RB"
197,05/14/24,05/14/24,"0,00",Reguler,IBU SUWADIE,MDT,MEDIA TANAM,pertanian,10,17000,1,SACK,0,170000,"MEDIA TANAM 4 (@5000X4=20RB), 60RB"
198,05/14/24,05/14/24,"0,00",Reguler,IBU SUNJOYO,BYM,BAYAM,sayuran,10,4000,1,IKAT,0,40000,BAYAM
199,05/8/24,05/15/24,"7,00",Reguler,IBU ANILA,LDB,LIDAH BUAYA,sayuran,4,10000,1,KG,0,40000,3 HELAI LIDAH BUAYA
200,05/15/24,05/15/24,"0,00",Reguler,IBU RW,HSP,HASIL PANEN,pertanian,5,3000,1,IKAT,0,15000,PANEN
201,05/16/24,05/16/24,"0,00",Reguler,IBU ITOH,KKG,KANGKUNG,sayuran,8,3000,1,IKAT,0,24000,KANGKUNG
202,05/16/24,05/16/24,"0,00",Reguler,IBU DESI,MDT,MEDIA TANAM,pertanian,9,17000,1,SACK,0,153000,"MEDIA TANAM 2 (@5000X1=5RB), 25RB"
203,05/17/24,05/17/24,"0,00",Reguler,IBU EKA,KKG,KANGKUNG,sayuran,11,3000,1,IKAT,0,33000,KANGKUNG
204,05/18/24,05/20/24,"2,00",Reguler,IRRIS,MNM,MINUMAN,minuman,4,6000,1,BOTOL,0,24000,5RB/BOTOL
205,05/26/24,05/26/24,"0,00",Mini Bazzar,JAHE,JHE,JAHE,sayuran,8,10000,250,GR,0,80000,MINI BAZAAR DI POKTAN
206,05/27/24,05/27/24,"0,00",Reguler,IBU DESI PKK,PPK,PUPUK,pertanian,9,17000,1,SACK,3000,150000,"4 PUPUK, 60RB"
207,05/27/24,05/27/24,"0,00",Reguler,IBU IRRIS,LBP,LABU PRIDA,sayuran,10,10000,1,KG,0,100000,"1 LABU PRIDA, BERAT 3 KG"
208,05/28/24,05/28/24,"0,00",Reguler,IBU INTAN,LBP,LABU PRIDA,sayuran,2,10000,1,KG,0,20000,"1 LABU PRIDA, BERAT 2,4 KG"
209,05/28/24,05/28/24,"0,00",Reguler,IBU SUNDARI,LBP,LABU PRIDA,sayuran,5,10000,1,KG,0,50000,"1 LABU PRIDA, BERAT 2 KG"
210,05/29/24,05/29/24,"0,00",Reguler,IBU GLORIA,PSK,PISANG KEPOK,sayuran,6,20000,1,SISIR,0,120000,1 SISIR PISANG KEPOK
211,05/29/24,05/29/24,"0,00",Reguler,ENENG,PSK,PISANG KEPOK,sayuran,9,20000,1,SISIR,0,180000,1 SISIR PISANG KEPOK
212,05/30/24,05/30/24,"0,00",Reguler,IBU HARIANTO,PSK,PISANG KEPOK,sayuran,10,20000,1,SISIR,0,200000,2 SISIR PISANG KEPOK
213,05/30/24,05/30/24,"0,00",Reguler,IBU GITO,PSK,PISANG KEPOK,sayuran,3,20000,1,SISIR,0,60000,1 SISIR PISANG KEPOK
214,05/31/24,05/31/24,"0,00",Reguler,BP YUNUS,PSK,PISANG KEPOK,sayuran,5,20000,1,SISIR,0,100000,2 SISIR PISANG KEPOK
215,05/31/24,05/31/24,"0,00",Reguler,IBU SOFYAN,PSK,PISANG KEPOK,sayuran,6,20000,1,SISIR,0,120000,2 SISIR PISANG KEPOK
216,06/3/24,06/3/24,"0,00",Reguler,IBU SUWADIE,PSK,PISANG KEPOK,sayuran,10,20000,1,SISIR,0,200000,2 SISIR PISANG KEPOK
217,06/3/24,06/3/24,"0,00",Reguler,IBU ATI,PSK,PISANG KEPOK,sayuran,10,20000,1,SISIR,0,200000,2 SISIR PISANG KEPOK
218,06/4/24,06/4/24,"0,00",Reguler,INTAN,MDT,MEDIA TANAM,pertanian,2,17000,1,SACK,0,34000,"3 MEDIA TANAM, 50RB"
219,06/4/24,06/4/24,"0,00",Reguler,GINANJAR,PSK,PISANG KEPOK,sayuran,5,20000,1,SISIR,0,100000,1 SISIR PISANG KEPOK
220,06/5/24,06/5/24,"0,00",Reguler,IBU SULISTYO,PSK,PISANG KEPOK,sayuran,7,20000,1,SISIR,0,140000,1 SISIR PISANG KEPOK
221,06/5/24,06/5/24,"0,00",Reguler,PENGUNJUNG,PMJ,PERMEN JELLY,makanan,10,10000,100,GR,0,100000,"BUNGKUS, IBU TRIEE, @7500"
222,06/6/24,06/9/24,"3,00",Mini Bazzar,PENGUNJUNG,MLB,MINUMAN LIDAH BUAYA,minuman,10,6000,1,BOTOL,0,60000,MINI BAZAAR DI POKTAN
223,06/10/24,06/10/24,"0,00",Reguler,IBU IRAWAN,MDT,MEDIA TANAM,pertanian,6,17000,1,SACK,2000,100000,"6 MEDIA TANAM, 100RB"
224,06/10/24,06/10/24,"0,00",Reguler,NILA,MDT,MEDIA TANAM,pertanian,2,17000,1,SACK,0,34000,"2 MEDIA TANAM, 1 PUPUK, 50RB"
225,06/11/24,06/11/24,"0,00",Reguler,NILA,PPK,PUPUK,pertanian,1,17000,1,SACK,0,17000,
226,06/11/24,06/11/24,"0,00",Reguler,NENI,MDT,MEDIA TANAM,pertanian,2,17000,1,SACK,0,34000,"2 MEDIA TANAM, 1 PUPUK, 50RB"
227,06/12/24,06/12/24,"0,00",Reguler,NENI,PPK,PUPUK,pertanian,1,17000,1,SACK,0,17000,
228,06/11/24,06/11/24,"0,00",Reguler,IBU HJ. NUR,PPK,PUPUK,pertanian,3,17000,1,SACK,0,51000,"3 PUPUK, 50RB"
229,06/12/24,06/12/24,"0,00",Reguler,IBU TOTOK,MDT,MEDIA TANAM,pertanian,3,17000,1,SACK,0,51000,"3 MEDIA TANAM, 50RB"
230,06/12/24,06/12/24,"0,00",Reguler,PENGUNJUNG,KKG,KANGKUNG,sayuran,11,3000,1,IKAT,0,33000,PANEN KANGKUNG 11 KG
231,06/16/24,06/16/24,"0,00",Mini Bazzar,PENGUNJUNG,KRL,KERIPIK LABU,makanan,4,10000,100,GR,0,40000,"MINI BAZAAR DI POKTAN, OMSET 965.000"
232,06/16/24,06/16/24,"0,00",Mini Bazzar,PENGUNJUNG,BMG,BAWANG MERAH GORENG,makanan,7,15000,100,GR,0,105000,MINI BAZAAR DI POKTAN
233,06/16/24,06/16/24,"0,00",Mini Bazzar,PENGUNJUNG,KKG,KANGKUNG,sayuran,10,3000,1,IKAT,0,30000,MINI BAZAAR DI POKTAN
234,06/22/24,06/22/24,"0,00",Bazzar,PENGUNJUNG,KMG,KEMANGI,sayuran,10,1000,1,IKAT,0,10000,BAZAAR PASAR TUMBUH
235,06/22/24,06/22/24,"0,00",Bazzar,PENGUNJUNG,TTL,TEH BUNGA TELANG,minuman,3,5000,10,GR,0,15000,BAZAAR PASAR TUMBUH
236,06/22/24,06/22/24,"0,00",Bazzar,PENGUNJUNG,KJG,KERIPIK JAGUNG GEPREK,makanan,6,10000,100,GR,0,60000,BAZAAR PASAR TUMBUH
237,06/23/24,06/23/24,"0,00",Mini Bazzar,PENGUNJUNG,KCT,KACANG TELOR,makanan,7,15000,250,GR,5000,100000,MINI BAZAAR DI POKTAN
238,06/23/24,06/23/24,"0,00",Mini Bazzar,PENGUNJUNG,MNJ,MINUMAN JERUK,minuman,10,6000,1,BOTOL,0,60000,MINI BAZAAR DI POKTAN
239,06/20/24,06/23/24,"3,00",Mini Bazzar,PENGUNJUNG,MNT,MINUMAN TIMUN,minuman,11,6000,1,BOTOL,0,66000,MINI BAZAAR DI POKTAN
240,06/20/24,06/23/24,"3,00",Mini Bazzar,PENGUNJUNG,GRG,GORENGAN,makanan,3,2000,1,PCS,0,6000,MINI BAZAAR DI POKTAN
241,06/23/24,06/23/24,"0,00",Mini Bazzar,PENGUNJUNG,RJK,RUJAK KANGKUNG,makanan,5,5000,1,PORSI,0,25000,MINI BAZAAR DI POKTAN
242,06/23/24,06/23/24,"0,00",Mini Bazzar,PENGUNJUNG,CRG,CIRENG,makanan,7,5000,1,PCS,0,35000,MINI BAZAAR DI POKTAN
243,06/23/24,06/23/24,"0,00",Mini Bazzar,PENGUNJUNG,TTL,TEH BUNGA TELANG,minuman,9,5000,10,GR,0,45000,MINI BAZAAR DI POKTAN
244,06/24/24,06/24/24,"0,00",Reguler,IBU EKA,MDT,MEDIA TANAM,pertanian,1,17000,1,SACK,0,17000,"1 MEDIA TANAM, 15RB"
245,06/24/24,06/24/24,"0,00",Reguler,IBU MELFA,MDT,MEDIA TANAM,pertanian,3,17000,1,SACK,0,51000,"3 MEDIA TANAM, 50RB"
246,06/25/24,06/25/24,"0,00",Reguler,IBU HJ.SRI,PPK,PUPUK,pertanian,4,17000,1,SACK,0,68000,"4 PUPUK, 65RB"
247,06/21/24,06/25/24,"4,00",Reguler,POKTAN,LDB,LIDAH BUAYA,sayuran,5,10000,1,KG,0,50000,5 KG LIDAH BUAYA UTK MINUMAN
248,06/23/24,06/29/24,"6,00",Bazzar,PENGUNJUNG,CKP,COKLAT PERMEN,makanan,9,10000,100,GR,0,90000,BAZAAR DI PANEN KEBUN ANGGUR
249,06/30/24,06/30/24,"0,00",Mini Bazzar,PENGUNJUNG,KRY,KERIPIK BAYAM,makanan,11,10000,100,GR,0,110000,MINI BAZAAR DI POKTAN
250,07/4/24,07/1/24,"-3,00",Reguler,PENGUNJUNG,MNM,MINUMAN,minuman,4,6000,1,BOTOL,0,24000,5RB/BOTOL
251,07/7/24,07/7/24,"0,00",Mini Bazzar,PENGUNJUNG,JHE,JAHE,sayuran,4,10000,250,GR,0,40000,MINI BAZAAR DI POKTAN
252,07/8/24,07/8/24,"0,00",Reguler,IBU DESI PKK,PPK,PUPUK,pertanian,7,17000,1,SACK,0,119000,"4 PUPUK, 60RB"
253,07/8/24,07/8/24,"0,00",Reguler,IBU IRRIS,LBP,LABU PRIDA,sayuran,10,10000,1,KG,0,100000,"1 LABU PRIDA, BERAT 3 KG"
254,07/9/24,07/9/24,"0,00",Reguler,IBU INTAN,LBP,LABU PRIDA,sayuran,11,10000,1,KG,0,110000,"1 LABU PRIDA, BERAT 2,4 KG"
255,07/9/24,07/9/24,"0,00",Reguler,IBU SUNDARI,LBP,LABU PRIDA,sayuran,3,10000,1,KG,0,30000,"1 LABU PRIDA, BERAT 2 KG"
256,07/10/24,07/10/24,"0,00",Reguler,IBU GLORIA,PSK,PISANG KEPOK,sayuran,5,20000,1,SISIR,0,100000,1 SISIR PISANG KEPOK
257,07/10/24,07/10/24,"0,00",Reguler,ENENG,PSK,PISANG KEPOK,sayuran,6,20000,1,SISIR,0,120000,1 SISIR PISANG KEPOK
258,07/11/24,07/11/24,"0,00",Reguler,IBU HARIANTO,PSK,PISANG KEPOK,sayuran,8,20000,1,SISIR,0,160000,2 SISIR PISANG KEPOK
259,07/11/24,07/11/24,"0,00",Reguler,IBU GITO,PSK,PISANG KEPOK,sayuran,12,20000,1,SISIR,0,240000,1 SISIR PISANG KEPOK
260,07/12/24,07/12/24,"0,00",Reguler,BP YUNUS,PSK,PISANG KEPOK,sayuran,2,20000,1,SISIR,0,40000,2 SISIR PISANG KEPOK
261,07/12/24,07/12/24,"0,00",Reguler,IBU SOFYAN,PSK,PISANG KEPOK,sayuran,5,20000,1,SISIR,0,100000,2 SISIR PISANG KEPOK
262,07/15/24,07/15/24,"0,00",Reguler,IBU SUWADIE,PSK,PISANG KEPOK,sayuran,7,20000,1,SISIR,0,140000,2 SISIR PISANG KEPOK
263,07/15/24,07/15/24,"0,00",Reguler,IBU ATI,PSK,PISANG KEPOK,sayuran,8,20000,1,SISIR,0,160000,2 SISIR PISANG KEPOK
264,07/16/24,07/16/24,"0,00",Reguler,INTAN,MDT,MEDIA TANAM,pertanian,11,17000,1,SACK,0,187000,"3 MEDIA TANAM, 50RB"
265,07/16/24,07/16/24,"0,00",Reguler,GINANJAR,PSK,PISANG KEPOK,sayuran,3,20000,1,SISIR,0,60000,1 SISIR PISANG KEPOK
266,07/17/24,07/17/24,"0,00",Reguler,IBU SULISTYO,PSK,PISANG KEPOK,sayuran,6,20000,1,SISIR,0,120000,1 SISIR PISANG KEPOK
267,07/11/24,07/17/24,"6,00",Reguler,PENGUNJUNG,PMJ,PERMEN JELLY,makanan,8,10000,100,GR,0,80000,"BUNGKUS, IBU TRIEE, @7500"
268,07/18/24,07/21/24,"3,00",Mini Bazzar,PENGUNJUNG,MLB,MINUMAN LIDAH BUAYA,minuman,10,6000,1,BOTOL,0,60000,MINI BAZAAR DI POKTAN
269,07/22/24,07/22/24,"0,00",Reguler,IBU IRAWAN,MDT,MEDIA TANAM,pertanian,10,17000,1,SACK,0,170000,"6 MEDIA TANAM, 100RB"
270,07/22/24,07/22/24,"0,00",Reguler,IBU YUS,KKG,KANGKUNG,sayuran,10,3000,1,IKAT,0,30000,KANGKUNG
271,07/23/24,07/23/24,"0,00",Reguler,IBU MAI,KKG,KANGKUNG,sayuran,12,3000,1,IKAT,0,36000,KANGKUNG
272,07/23/24,07/23/24,"0,00",Reguler,IBU NETI,KKG,KANGKUNG,sayuran,4,3000,1,IKAT,0,12000,KANGKUNG
273,07/24/24,07/24/24,"0,00",Reguler,IBU SAROH,KKG,KANGKUNG,sayuran,5,3000,1,IKAT,0,15000,KANGKUNG
274,07/24/24,07/24/24,"0,00",Reguler,IBU KASIH,KKG,KANGKUNG,sayuran,7,3000,1,IKAT,0,21000,KANGKUNG
275,07/25/24,07/25/24,"0,00",Reguler,PENJUAL LAUK,BYM,BAYAM,sayuran,9,4000,1,IKAT,0,36000,BAYAM
276,07/25/24,07/25/24,"0,00",Reguler,IBU TOTOK,SLD,SELADA,sayuran,11,5000,200,GR,0,55000,SELADA 5 IKAT
277,07/26/24,07/26/24,"0,00",Reguler,IBU ZUL,SAW,SAWI,sayuran,9,4000,1,IKAT,0,36000,SAWI DAN KANGKUNG
278,07/26/24,07/26/24,"0,00",Reguler,PAK AZWAR,KKG,KANGKUNG,sayuran,4,3000,1,IKAT,0,12000,KANGKUNG
279,07/29/24,07/29/24,"0,00",Reguler,PENGUNJUNG,BSY,BIBIT SAYURAN,pertanian,7,10000,1,POLIBAG,0,70000,BIBIT TOMAT
280,07/29/24,07/29/24,"0,00",Reguler,IRRIS,SAW,SAWI,sayuran,8,4000,1,IKAT,0,32000,SAWI
281,07/30/24,07/30/24,"0,00",Reguler,MIRA,JGG,JAGUNG,sayuran,12,10000,1,KG,0,120000,JAGUNG
282,07/30/24,07/30/24,"0,00",Reguler,INFAQ,HSP,HASIL PANEN,pertanian,4,3000,1,IKAT,0,12000,PANEN
283,07/31/24,07/31/24,"0,00",Reguler,SULISTYO,HSP,HASIL PANEN,pertanian,5,3000,1,IKAT,0,15000,PANEN
284,07/31/24,07/31/24,"0,00",Reguler,BU TOTOK,HSP,HASIL PANEN,pertanian,7,3000,1,IKAT,0,21000,PANEN
285,08/1/24,08/1/24,"0,00",Reguler,BU ZUL,HSP,HASIL PANEN,pertanian,8,3000,1,IKAT,0,24000,PANEN
286,08/3/24,08/3/24,"0,00",Bazzar,PENGUNJUNG,BLB,BIBIT LIDAH BUAYA,pertanian,11,10000,3,BIBIT,0,110000,BIBIT LIDAH BUAYA
287,08/3/24,08/3/24,"0,00",Bazzar,ANILA,SYR,SAYUR,sayuran,2,4000,1,IKAT,0,8000,SAYUR
288,08/3/24,08/3/24,"0,00",Bazzar,IBU PAIRIN,MDT,MEDIA TANAM,pertanian,6,17000,1,SACK,0,102000,"3 MEDIA TANAM, 45RB"
289,08/3/24,08/3/24,"0,00",Bazzar,IBU SUWADIE,MDT,MEDIA TANAM,pertanian,8,17000,1,SACK,0,136000,"MEDIA TANAM 4 (@5000X4=20RB), 60RB"
290,08/3/24,08/3/24,"0,00",Bazzar,IBU SUNJOYO,BYM,BAYAM,sayuran,9,4000,1,IKAT,0,36000,BAYAM
291,07/30/24,08/3/24,"4,00",Bazzar,IBU ANILA,LDB,LIDAH BUAYA,sayuran,10,10000,1,KG,0,100000,3 HELAI LIDAH BUAYA
292,08/5/24,08/5/24,"0,00",Reguler,IBU RW,HSP,HASIL PANEN,pertanian,4,3000,1,IKAT,0,12000,PANEN
293,08/5/24,08/5/24,"0,00",Reguler,IBU ITOH,KKG,KANGKUNG,sayuran,4,3000,1,IKAT,0,12000,KANGKUNG
294,08/6/24,08/6/24,"0,00",Reguler,IBU DESI,MDT,MEDIA TANAM,pertanian,7,17000,1,SACK,0,119000,"MEDIA TANAM 2 (@5000X1=5RB), 25RB"
295,08/6/24,08/6/24,"0,00",Reguler,IBU EKA,KKG,KANGKUNG,sayuran,9,3000,1,IKAT,0,27000,KANGKUNG
296,07/31/24,08/7/24,"7,00",Reguler,BU LURAH,PLB,PERMEN LIDAH BUAYA,makanan,12,10000,100,GR,0,120000,1 PCS PERMEN LIDAH BUAYA
297,08/1/24,08/7/24,"6,00",Reguler,ROMLAH,PLB,PERMEN LIDAH BUAYA,makanan,3,10000,100,GR,0,30000,2 PCS PERMEN LIDAH BUAYA
298,08/8/24,08/8/24,"0,00",Reguler,BU SUWADIE,HSP,HASIL PANEN,pertanian,5,3000,1,IKAT,0,15000,PANEN
299,08/2/24,08/8/24,"6,00",Reguler,BU TRI PKK,PLB,PERMEN LIDAH BUAYA,makanan,8,10000,100,GR,0,80000,6 PCS PERMEN LIDAH BUAYA
300,08/3/24,08/9/24,"6,00",Reguler,BU YATI,PLB,PERMEN LIDAH BUAYA,makanan,9,10000,100,GR,0,90000,2 PCS PERMEN LIDAH BUAYA
301,08/7/24,08/9/24,"2,00",Reguler,BU EKA,PLB,PERMEN LIDAH BUAYA,makanan,12,10000,100,GR,0,120000,1 PCS PERMEN LIDAH BUAYA
302,08/8/24,08/12/24,"4,00",Reguler,BU IRRIS,PLB,PERMEN LIDAH BUAYA,makanan,3,10000,100,GR,0,30000,2 PCS PERMEN LIDAH BUAYA
303,08/6/24,08/12/24,"6,00",Reguler,DAWIS,PLB,PERMEN LIDAH BUAYA,makanan,5,10000,100,GR,0,50000,4 PCS PERMEN LIDAH BUAYA
304,08/13/24,08/13/24,"0,00",Reguler,SULISTYO,SAW,SAWI,sayuran,8,4000,1,IKAT,2000,30000,"SAWI, SELADA, KANGKUNG"
305,08/13/24,08/13/24,"0,00",Reguler,SULISTYO,KKG,KANGKUNG,sayuran,9,3000,1,IKAT,0,27000,
306,08/13/24,08/13/24,"0,00",Reguler,SULISTYO,SLD,SELADA,sayuran,8,5000,200,GR,0,40000,
307,08/13/24,08/13/24,"0,00",Reguler,IBU INTAN,BYM,BAYAM,sayuran,6,4000,1,IKAT,0,24000,PANEN BAYAM  
308,08/11/24,08/17/24,"6,00",Bazzar,BAZAAR,MLB,MINUMAN LIDAH BUAYA,minuman,10,6000,1,BOTOL,0,60000,MINUMAN LIDAH BUAYA
309,08/10/24,08/17/24,"7,00",Bazzar,PKK,PLB,PERMEN LIDAH BUAYA,makanan,3,10000,100,GR,0,30000,PERMEN LIDAH BUAYA
310,08/19/24,08/19/24,"0,00",Reguler,IBU ATI,SLD,SELADA,sayuran,4,5000,200,GR,0,20000,SELADA DAN KANGKUNG
311,08/19/24,08/19/24,"0,00",Reguler,IBU ATI,KKG,KANGKUNG,sayuran,7,3000,1,IKAT,0,21000,
312,08/19/24,08/19/24,"0,00",Reguler,IBU YATI,KKG,KANGKUNG,sayuran,6,3000,1,IKAT,0,18000,PANEN KANGKUNG  
313,08/20/24,08/20/24,"0,00",Reguler,IBU ENENG,PSK,PISANG KEPOK,sayuran,9,20000,1,SISIR,0,180000,PANEN PISANG KEPOK
314,08/20/24,08/20/24,"0,00",Reguler,IBU IRRIS,BYM,BAYAM,sayuran,11,4000,1,IKAT,0,44000,BAYAM
315,08/21/24,08/21/24,"0,00",Reguler,IBU ABDULLAH,PSK,PISANG KEPOK,sayuran,4,20000,1,SISIR,0,80000,PANEN PISANG KEPOK
316,08/21/24,08/21/24,"0,00",Reguler,IBU IRAWAN,MDT,MEDIA TANAM,pertanian,6,17000,1,SACK,0,102000,"MEDIA TANAM 3 (@5000X3=15RB), 45RB"
317,08/22/24,08/22/24,"0,00",Reguler,IBU DESI PKK,MDT,MEDIA TANAM,pertanian,6,17000,1,SACK,0,102000,"4 MEDIA TANAM, 60RB"
318,08/24/24,08/24/24,"0,00",Bazzar,ACARA 17 AN,HSP,HASIL PANEN,pertanian,8,3000,1,IKAT,0,24000,HASIL PANEN 17 AN
319,08/24/24,08/24/24,"0,00",Bazzar,PENGUNJUNG,KRB,KERIPIK BAWANG,makanan,12,8000,100,GR,0,96000,KERIPIK BAWANG
320,08/22/24,08/24/24,"2,00",Bazzar,BU ANILA,PLB,PERMEN LIDAH BUAYA,makanan,3,10000,100,GR,0,30000,"PERMEN LIDAH BUAYA, @5RB"
321,08/26/24,08/26/24,"0,00",Reguler,IBU YUS,KKG,KANGKUNG,sayuran,5,3000,1,IKAT,0,15000,KANGKUNG
322,08/26/24,08/26/24,"0,00",Reguler,IBU MAI,KKG,KANGKUNG,sayuran,7,3000,1,IKAT,0,21000,KANGKUNG
323,08/27/24,08/27/24,"0,00",Reguler,IBU NETI,KKG,KANGKUNG,sayuran,10,3000,1,IKAT,0,30000,KANGKUNG
324,08/27/24,08/27/24,"0,00",Reguler,IBU SAROH,KKG,KANGKUNG,sayuran,12,3000,1,IKAT,0,36000,KANGKUNG
325,08/28/24,08/28/24,"0,00",Reguler,IBU KASIH,KKG,KANGKUNG,sayuran,4,3000,1,IKAT,0,12000,KANGKUNG
326,08/28/24,08/28/24,"0,00",Reguler,PENJUAL LAUK,BYM,BAYAM,sayuran,4,4000,1,IKAT,0,16000,BAYAM
327,08/29/24,08/29/24,"0,00",Reguler,IBU TOTOK,SLD,SELADA,sayuran,7,5000,200,GR,0,35000,SELADA 5 IKAT
328,08/29/24,08/29/24,"0,00",Reguler,IBU ZUL,SAW,SAWI,sayuran,10,4000,1,IKAT,0,40000,SAWI DAN KANGKUNG
329,08/29/24,08/29/24,"0,00",Reguler,IBU ZUL,KKG,KANGKUNG,sayuran,8,3000,1,IKAT,0,24000,
330,08/30/24,08/30/24,"0,00",Reguler,PAK AZWAR,KKG,KANGKUNG,sayuran,11,3000,1,IKAT,0,33000,KANGKUNG
331,09/1/24,09/1/24,"0,00",Mini Bazzar,PENGUNJUNG,BSY,BIBIT SAYURAN,pertanian,4,10000,1,POLIBAG,0,40000,BIBIT TOMAT
332,09/2/24,09/2/24,"0,00",Reguler,IRRIS,SAW,SAWI,sayuran,4,4000,1,IKAT,0,16000,SAWI
333,09/2/24,09/2/24,"0,00",Reguler,MIRA,JGG,JAGUNG,sayuran,6,10000,1,KG,0,60000,JAGUNG
334,09/3/24,09/3/24,"0,00",Reguler,INFAQ,HSP,HASIL PANEN,pertanian,10,3000,1,IKAT,0,30000,PANEN
335,09/3/24,09/3/24,"0,00",Reguler,SULISTYO,HSP,HASIL PANEN,pertanian,11,3000,1,IKAT,0,33000,PANEN
336,09/4/24,09/4/24,"0,00",Reguler,BU TOTOK,HSP,HASIL PANEN,pertanian,4,3000,1,IKAT,0,12000,PANEN
337,09/4/24,09/4/24,"0,00",Reguler,BU ZUL,HSP,HASIL PANEN,pertanian,6,3000,1,IKAT,0,18000,PANEN
338,09/7/24,09/7/24,"0,00",Bazzar,PENGUNJUNG,BLB,BIBIT LIDAH BUAYA,pertanian,7,10000,3,BIBIT,0,70000,BIBIT LIDAH BUAYA
339,09/9/24,09/9/24,"0,00",Reguler,ANILA,SYR,SAYUR,sayuran,10,4000,1,IKAT,0,40000,SAYUR
340,09/9/24,09/9/24,"0,00",Reguler,IBU PAIRIN,MDT,MEDIA TANAM,pertanian,11,17000,1,SACK,0,187000,"3 MEDIA TANAM, 45RB"
341,09/10/24,09/10/24,"0,00",Reguler,IBU SUWADIE,MDT,MEDIA TANAM,pertanian,3,17000,1,SACK,0,51000,"MEDIA TANAM 4 (@5000X4=20RB), 60RB"
342,09/10/24,09/10/24,"0,00",Reguler,IBU SUNJOYO,BYM,BAYAM,sayuran,5,4000,1,IKAT,0,20000,BAYAM
343,09/7/24,09/11/24,"4,00",Reguler,IBU ANILA,LDB,LIDAH BUAYA,sayuran,7,10000,1,KG,0,70000,3 HELAI LIDAH BUAYA
344,09/11/24,09/11/24,"0,00",Reguler,IBU RW,HSP,HASIL PANEN,pertanian,8,3000,1,IKAT,0,24000,PANEN
345,09/12/24,09/12/24,"0,00",Reguler,IBU ITOH,KKG,KANGKUNG,sayuran,10,3000,1,IKAT,0,30000,KANGKUNG
346,09/12/24,09/12/24,"0,00",Reguler,IBU DESI,MDT,MEDIA TANAM,pertanian,4,17000,1,SACK,0,68000,"MEDIA TANAM 2 (@5000X1=5RB), 25RB"
347,09/13/24,09/13/24,"0,00",Reguler,IBU EKA,KKG,KANGKUNG,sayuran,6,3000,1,IKAT,0,18000,KANGKUNG
348,09/7/24,09/13/24,"6,00",Reguler,BU LURAH,PLB,PERMEN LIDAH BUAYA,makanan,8,10000,100,GR,0,80000,1 PCS PERMEN LIDAH BUAYA
349,09/9/24,09/16/24,"7,00",Reguler,ROMLAH,PLB,PERMEN LIDAH BUAYA,makanan,10,10000,100,GR,0,100000,2 PCS PERMEN LIDAH BUAYA
350,09/16/24,09/16/24,"0,00",Reguler,BU SUWADIE,HSP,HASIL PANEN,pertanian,10,3000,1,IKAT,0,30000,PANEN
351,09/10/24,09/17/24,"7,00",Reguler,BU TRI PKK,PLB,PERMEN LIDAH BUAYA,makanan,3,10000,100,GR,0,30000,6 PCS PERMEN LIDAH BUAYA
352,09/11/24,09/17/24,"6,00",Reguler,BU YATI,PLB,PERMEN LIDAH BUAYA,makanan,6,10000,100,GR,0,60000,2 PCS PERMEN LIDAH BUAYA
353,09/11/24,09/18/24,"7,00",Reguler,BU EKA,PLB,PERMEN LIDAH BUAYA,makanan,6,10000,100,GR,0,60000,1 PCS PERMEN LIDAH BUAYA
354,09/14/24,09/18/24,"4,00",Reguler,BU IRRIS,PLB,PERMEN LIDAH BUAYA,makanan,9,10000,100,GR,0,90000,2 PCS PERMEN LIDAH BUAYA
355,09/18/24,09/19/24,"1,00",Reguler,DAWIS,PLB,PERMEN LIDAH BUAYA,makanan,11,10000,100,GR,0,110000,4 PCS PERMEN LIDAH BUAYA
356,09/19/24,09/19/24,"0,00",Reguler,GINANJAR,SAW,SAWI,sayuran,13,4000,1,IKAT,0,52000,"SAWI, SELADA, KANGKUNG"
357,09/20/24,09/20/24,"0,00",Reguler,IBU INTAN,BYM,BAYAM,sayuran,6,4000,1,IKAT,0,24000,PANEN BAYAM  
358,09/14/24,09/21/24,"7,00",Bazzar,BAZAAR,MLB,MINUMAN LIDAH BUAYA,minuman,7,6000,1,BOTOL,2000,40000,MINUMAN LIDAH BUAYA
359,09/16/24,09/21/24,"5,00",Bazzar,PKK,PLB,PERMEN LIDAH BUAYA,makanan,8,10000,100,GR,0,80000,PERMEN LIDAH BUAYA
360,09/23/24,09/23/24,"0,00",Reguler,IBU ATI,SLD,SELADA,sayuran,10,5000,200,GR,0,50000,SELADA DAN KANGKUNG
361,09/23/24,09/23/24,"0,00",Reguler,IBU YATI,KKG,KANGKUNG,sayuran,4,3000,1,IKAT,0,12000,PANEN KANGKUNG  
362,09/24/24,09/24/24,"0,00",Reguler,IBU ENENG,PSK,PISANG KEPOK,sayuran,6,20000,1,SISIR,0,120000,PANEN PISANG KEPOK
363,09/24/24,09/24/24,"0,00",Reguler,IBU IRRIS,BYM,BAYAM,sayuran,7,4000,1,IKAT,0,28000,BAYAM
364,09/25/24,09/25/24,"0,00",Reguler,IBU ABDULLAH,PSK,PISANG KEPOK,sayuran,10,20000,1,SISIR,0,200000,PANEN PISANG KEPOK
365,09/25/24,09/25/24,"0,00",Reguler,IBU IRAWAN,MDT,MEDIA TANAM,pertanian,12,17000,1,SACK,0,204000,"MEDIA TANAM 3 (@5000X3=15RB), 45RB"
366,09/26/24,09/26/24,"0,00",Reguler,IBU DESI PKK,MDT,MEDIA TANAM,pertanian,3,17000,1,SACK,0,51000,"4 MEDIA TANAM, 60RB"
367,09/28/24,09/28/24,"0,00",Bazzar,ACARA 17 AN,HSP,HASIL PANEN,pertanian,6,3000,1,IKAT,0,18000,HASIL PANEN 17 AN
368,09/28/24,09/28/24,"0,00",Bazzar,PENGUNJUNG,KRB,KERIPIK BAWANG,makanan,6,8000,100,GR,0,48000,KERIPIK BAWANG
369,09/26/24,09/28/24,"2,00",Bazzar,BU ANILA,PLB,PERMEN LIDAH BUAYA,makanan,9,10000,100,GR,0,90000,"PERMEN LIDAH BUAYA, @5RB"
370,09/30/24,09/30/24,"0,00",Reguler,IBU YUS,KKG,KANGKUNG,sayuran,10,3000,1,IKAT,0,30000,KANGKUNG
371,09/30/24,09/30/24,"0,00",Reguler,IBU MAI,KKG,KANGKUNG,sayuran,4,3000,1,IKAT,0,12000,KANGKUNG
372,10/1/24,10/1/24,"0,00",Reguler,IBU NETI,KKG,KANGKUNG,sayuran,4,3000,1,IKAT,0,12000,KANGKUNG
373,10/1/24,10/1/24,"0,00",Reguler,IBU SAROH,KKG,KANGKUNG,sayuran,7,3000,1,IKAT,0,21000,KANGKUNG
374,10/2/24,10/2/24,"0,00",Reguler,IBU KASIH,KKG,KANGKUNG,sayuran,10,3000,1,IKAT,0,30000,KANGKUNG
375,10/2/24,10/2/24,"0,00",Reguler,PENJUAL LAUK,BYM,BAYAM,sayuran,10,4000,1,IKAT,0,40000,BAYAM
376,10/3/24,10/3/24,"0,00",Reguler,IBU TOTOK,SLD,SELADA,sayuran,3,5000,200,GR,0,15000,SELADA 5 IKAT
377,10/3/24,10/3/24,"0,00",Reguler,IBU ZUL,SAW,SAWI,sayuran,9,4000,1,IKAT,0,36000,SAWI DAN KANGKUNG
378,10/4/24,10/4/24,"0,00",Reguler,PAK AZWAR,KKG,KANGKUNG,sayuran,7,3000,1,IKAT,0,21000,KANGKUNG
379,10/6/24,10/6/24,"0,00",Mini Bazzar,PENGUNJUNG,BSY,BIBIT SAYURAN,pertanian,9,10000,1,POLIBAG,0,90000,BIBIT TOMAT
380,10/7/24,10/7/24,"0,00",Reguler,IRRIS,SAW,SAWI,sayuran,10,4000,1,IKAT,0,40000,SAWI
381,10/7/24,10/7/24,"0,00",Reguler,MIRA,JGG,JAGUNG,sayuran,3,10000,1,KG,0,30000,JAGUNG
382,10/8/24,10/8/24,"0,00",Reguler,INFAQ,HSP,HASIL PANEN,pertanian,5,3000,1,IKAT,0,15000,PANEN
383,10/8/24,10/8/24,"0,00",Reguler,SULISTYO,HSP,HASIL PANEN,pertanian,8,3000,1,IKAT,0,24000,PANEN
384,10/9/24,10/9/24,"0,00",Reguler,BU TOTOK,HSP,HASIL PANEN,pertanian,9,3000,1,IKAT,0,27000,PANEN
385,10/9/24,10/9/24,"0,00",Reguler,BU ZUL,HSP,HASIL PANEN,pertanian,12,3000,1,IKAT,0,36000,PANEN
386,10/12/24,10/12/24,"0,00",Bazzar,PENGUNJUNG,BLB,BIBIT LIDAH BUAYA,pertanian,3,10000,3,BIBIT,0,30000,BIBIT LIDAH BUAYA
387,10/14/24,10/14/24,"0,00",Reguler,ANILA,SYR,SAYUR,sayuran,5,4000,1,IKAT,0,20000,SAYUR
388,10/14/24,10/14/24,"0,00",Reguler,IBU PAIRIN,MDT,MEDIA TANAM,pertanian,8,17000,1,SACK,0,136000,"3 MEDIA TANAM, 45RB"
389,10/15/24,10/15/24,"0,00",Reguler,IBU SUWADIE,MDT,MEDIA TANAM,pertanian,10,17000,1,SACK,0,170000,"MEDIA TANAM 4 (@5000X4=20RB), 60RB"
390,10/15/24,10/15/24,"0,00",Reguler,IBU SUNJOYO,BYM,BAYAM,sayuran,10,4000,1,IKAT,0,40000,BAYAM
391,10/15/24,10/16/24,"1,00",Reguler,IBU ANILA,LDB,LIDAH BUAYA,sayuran,4,10000,1,KG,0,40000,3 HELAI LIDAH BUAYA
392,10/16/24,10/16/24,"0,00",Reguler,IBU RW,HSP,HASIL PANEN,pertanian,5,3000,1,IKAT,0,15000,PANEN
393,10/17/24,10/17/24,"0,00",Reguler,IBU ITOH,KKG,KANGKUNG,sayuran,8,3000,1,IKAT,0,24000,KANGKUNG
394,10/17/24,10/17/24,"0,00",Reguler,IBU DESI,MDT,MEDIA TANAM,pertanian,9,17000,1,SACK,0,153000,"MEDIA TANAM 2 (@5000X1=5RB), 25RB"
395,10/18/24,10/18/24,"0,00",Reguler,IBU EKA,KKG,KANGKUNG,sayuran,11,3000,1,IKAT,0,33000,KANGKUNG
396,01/30/25,01/30/25,"0,00",Reguler,IBU PAIRIN,SAW,SAWI,sayuran,5,4000,1,IKAT,0,20000,PANEN SAWI
397,01/30/25,01/30/25,"0,00",Reguler,IBU SUWADIE,KKG,KANGKUNG,sayuran,5,3000,1,IKAT,0,15000,PANEN KANGKUNG DAN KENIKIR
398,02/3/25,02/3/25,"0,00",Reguler,IBU SUWADIE,KNK,KENIKIR,sayuran,2,2500,1,IKAT,0,5000,PANEN KENIKIR
399,02/3/25,02/3/25,"0,00",Reguler,IBU SUNJOYO,KMG,KEMANGI,sayuran,3,1000,1,IKAT,0,3000,KEMANGI
400,02/25/25,02/25/25,"0,00",Reguler,IBU SUWADIE,MDT,MEDIA TANAM,pertanian,3,17000,1,SACK,1000,50000,MEDIA TANAM 3  
401,02/21/25,02/25/25,"4,00",Reguler,IBU ANILA,LDB,LIDAH BUAYA,sayuran,10,10000,1,KG,0,100000,10 HELAI LIDAH BUAYA
402,04/15/25,04/15/25,"0,00",Reguler,IBU SUWADIE,MDT,MEDIA TANAM,pertanian,3,17000,1,SACK,0,51000,"3 MEDIA TANAM, 45RB"
403,04/15/25,04/15/25,"0,00",Reguler,IBU PAIRIN,MDT,MEDIA TANAM,pertanian,2,17000,1,SACK,0,34000,"2 MEDIA TANAM, 30RB"
404,04/17/25,04/17/25,"0,00",Reguler,IBU RW,HSP,HASIL PANEN,pertanian,12,3000,1,IKAT,0,36000,PANEN
405,04/17/25,04/17/25,"0,00",Reguler,IBU ITOH,HSP,HASIL PANEN,pertanian,15,3000,1,IKAT,0,45000,PANEN
406,04/17/25,04/17/25,"0,00",Reguler,IBU DESI,HSP,HASIL PANEN,pertanian,6,3000,1,IKAT,0,18000,PANEN
407,04/13/25,04/17/25,"4,00",Reguler,IBU ANILA,LDB,LIDAH BUAYA,sayuran,5,10000,1,KG,0,50000,LIDAH BUAYA 5 KG
408,04/17/25,04/17/25,"0,00",Reguler,IBU EKA,PKC,PAKCOY,sayuran,4,3000,200,GR,0,12000,PAKCOY
409,04/21/25,04/21/25,"0,00",Reguler,IBU SUWADIE,MDT,MEDIA TANAM,pertanian,3,17000,1,SACK,0,51000,"3 MEDIA TANAM, 45RB"
410,05/1/25,05/1/25,"0,00",Reguler,IBU PAIRIN,MDT,MEDIA TANAM,pertanian,3,17000,1,SACK,0,51000,"3 MEDIA TANAM, 45RB"
411,04/28/25,05/2/25,"4,00",Reguler,BU LURAH,PLB,PERMEN LIDAH BUAYA,makanan,1,10000,100,GR,0,10000,1 PCS PERMEN LIDAH BUAYA
412,04/28/25,05/3/25,"5,00",Reguler,ROMLAH,PLB,PERMEN LIDAH BUAYA,makanan,2,10000,100,GR,0,20000,2 PCS PERMEN LIDAH BUAYA
413,05/2/25,05/3/25,"1,00",Reguler,BU SUWADIE,PLB,PERMEN LIDAH BUAYA,makanan,1,10000,100,GR,0,10000,1 PCS PERMEN LIDAH BUAYA
414,05/4/25,05/9/25,"5,00",Reguler,BU TRI PKK,PLB,PERMEN LIDAH BUAYA,makanan,10,10000,100,GR,0,100000,10 PCS PERMEN LIDAH BUAYA
415,05/2/25,05/9/25,"7,00",Reguler,BU TRI PKK,PLB,PERMEN LIDAH BUAYA,makanan,6,10000,100,GR,0,60000,6 PCS PERMEN LIDAH BUAYA
416,05/4/25,05/9/25,"5,00",Reguler,BU YATI,PLB,PERMEN LIDAH BUAYA,makanan,1,10000,100,GR,0,10000,1 PCS PERMEN LIDAH BUAYA
417,05/8/25,05/9/25,"1,00",Reguler,BU EKA,PLB,PERMEN LIDAH BUAYA,makanan,1,10000,100,GR,0,10000,1 PCS PERMEN LIDAH BUAYA
418,05/8/25,05/9/25,"1,00",Reguler,BU YATI,PLB,PERMEN LIDAH BUAYA,makanan,2,10000,100,GR,0,20000,2 PCS PERMEN LIDAH BUAYA
419,05/3/25,05/10/25,"7,00",Reguler,BU IRRIS,PLB,PERMEN LIDAH BUAYA,makanan,2,10000,100,GR,0,20000,2 PCS PERMEN LIDAH BUAYA
420,05/9/25,05/10/25,"1,00",Reguler,DAWIS,PLB,PERMEN LIDAH BUAYA,makanan,4,10000,100,GR,0,40000,4 PCS PERMEN LIDAH BUAYA
421,05/23/25,05/23/25,"0,00",Reguler,GINANJAR,MDT,MEDIA TANAM,pertanian,2,17000,1,SACK,0,34000,"2 MEDIA TANAM, 30RB"
422,06/3/25,06/3/25,"0,00",Reguler,IBU EKA,MDT,MEDIA TANAM,pertanian,1,17000,1,SACK,0,17000,"1 MEDIA TANAM, 15RB"
423,06/3/25,06/3/25,"0,00",Reguler,IBU MELFA,MDT,MEDIA TANAM,pertanian,3,17000,1,SACK,0,51000,"3 MEDIA TANAM, 50RB"
424,06/4/25,06/4/25,"0,00",Reguler,IBU DESI PKK,PPK,PUPUK,pertanian,4,17000,1,SACK,0,68000,"4 PUPUK, 60RB"
425,06/5/25,06/5/25,"0,00",Reguler,IBU IRRIS,LBP,LABU PRIDA,sayuran,"2,1",10000,1,KG,0,21000,"1 LABU PRIDA, BERAT 2.1 KG"
426,06/6/25,06/6/25,"0,00",Reguler,IBU SUWADIE,KNK,KENIKIR,sayuran,4,2500,1,IKAT,0,10000,PANEN KENIKIR
427,06/6/25,06/6/25,"0,00",Reguler,IBU INTAN,HSP,HASIL PANEN,pertanian,11,3000,1,IKAT,0,33000,PANEN
428,06/6/25,06/6/25,"0,00",Reguler,IBU HJ.SRI,PPK,PUPUK,pertanian,4,17000,1,SACK,0,68000,"4 PUPUK, 65RB"
429,06/8/25,06/9/25,"1,00",Reguler,POKTAN,LDB,LIDAH BUAYA,sayuran,5,10000,1,KG,0,50000,5 KG LIDAH BUAYA UTK MINUMAN
430,06/13/25,06/13/25,"0,00",Bazzar,PENGUNJUNG,CKP,COKLAT PERMEN,makanan,4,10000,100,GR,0,40000,BAZAAR DI PANEN KEBUN ANGGUR
431,06/14/25,06/14/25,"0,00",Mini Bazzar,PENGUNJUNG,KRY,KERIPIK BAYAM,makanan,6,10000,100,GR,0,60000,MINI BAZAAR DI POKTAN
432,06/21/25,06/24/25,"3,00",Reguler,PENGUNJUNG,MNM,MINUMAN,minuman,7,6000,1,BOTOL,0,42000,5RB/BOTOL
433,06/26/25,06/26/25,"0,00",Mini Bazzar,PENGUNJUNG,JHE,JAHE,sayuran,10,10000,250,GR,0,100000,MINI BAZAAR DI POKTAN
434,06/29/25,06/29/25,"0,00",Bazzar,PENGUNJUNG,PLB,PERMEN LIDAH BUAYA,makanan,24,10000,100,GR,0,240000,PERMEN LIDAH BUAYA
435,06/27/25,06/29/25,"2,00",Bazzar,PENGUNJUNG,MLB,MINUMAN LIDAH BUAYA,minuman,15,6000,1,BOTOL,0,90000,MINUMAN LIDAH BUAYA
436,06/28/25,07/1/25,"3,00",Reguler,PKK,PLB,PERMEN LIDAH BUAYA,makanan,20,10000,100,GR,0,200000,PERMEN LIDAH BUAYA
437,07/4/25,07/4/25,"0,00",Reguler,IBU SUWADIE,HSP,HASIL PANEN,pertanian,7,3000,1,IKAT,1000,20000,INFAQ PANEN
438,07/10/25,07/10/25,"0,00",Reguler,IBU PAIRIN,MDT,MEDIA TANAM,pertanian,3,17000,1,SACK,0,51000,"3 MEDIA TANAM, 45RB"
439,07/14/25,07/14/25,"0,00",Reguler,IBU EKA,KKG,KANGKUNG,sayuran,5,3000,1,IKAT,0,15000,PANEN KANGKUNG  
440,07/14/25,07/14/25,"0,00",Reguler,IBU ATI,KKG,KANGKUNG,sayuran,8,3000,1,IKAT,0,24000,PANEN KANGKUNG  
441,07/14/25,07/14/25,"0,00",Reguler,IBU YATI,KKG,KANGKUNG,sayuran,5,3000,1,IKAT,0,15000,PANEN KANGKUNG  
442,07/16/25,07/16/25,"0,00",Reguler,IBU SUWADIE,PSK,PISANG KEPOK,sayuran,2,20000,1,SISIR,0,40000,PANEN PISANG KEPOK
443,07/16/25,07/16/25,"0,00",Reguler,IBU ENENG,PSK,PISANG KEPOK,sayuran,1,20000,1,SISIR,0,20000,PANEN PISANG KEPOK
444,07/16/25,07/16/25,"0,00",Reguler,IBU INTAN,PSK,PISANG KEPOK,sayuran,2,20000,1,SISIR,0,40000,PANEN PISANG KEPOK
445,07/18/25,07/18/25,"0,00",Reguler,IBU RW,HSP,HASIL PANEN,pertanian,9,3000,1,IKAT,0,27000,PANEN
446,07/18/25,07/18/25,"0,00",Reguler,IBU SUWADIE,BYM,BAYAM,sayuran,6,4000,1,IKAT,0,24000,"BAYAM, KANGKUNG"
447,07/18/25,07/18/25,"0,00",Reguler,PENGUNJUNG,KKG,KANGKUNG,sayuran,7,3000,1,IKAT,0,21000,
448,08/1/25,08/4/25,"3,00",Reguler,IBU ANILA,LDB,LIDAH BUAYA,sayuran,5,10000,1,KG,0,50000,LIDAH BUAYA 5 KG
449,08/4/25,08/4/25,"0,00",Reguler,IBU IRRIS,BYM,BAYAM,sayuran,5,4000,1,IKAT,0,20000,PANEN BAYAM UTK BU MOCHTAR
450,08/4/25,08/4/25,"0,00",Reguler,IBU ABDULLAH,PSK,PISANG KEPOK,sayuran,1,20000,1,SISIR,0,20000,PANEN PISANG KEPOK
451,08/4/25,08/4/25,"0,00",Reguler,IBU INTAN,BYM,BAYAM,sayuran,10,4000,1,IKAT,0,40000,PANEN BAYAM  
452,08/9/25,08/9/25,"0,00",Reguler,IBU SUWADIE,MDT,MEDIA TANAM,pertanian,4,17000,1,SACK,0,68000,"4 MEDIA TANAM, 60RB"
453,08/9/25,08/9/25,"0,00",Reguler,IBU IRAWAN,MDT,MEDIA TANAM,pertanian,1,17000,1,SACK,0,17000,"1 MEDIA TANAM, 15RB"
454,08/11/25,08/11/25,"0,00",Reguler,IBU DESI PKK,MDT,MEDIA TANAM,pertanian,4,17000,1,SACK,0,68000,"4 MEDIA TANAM, 60RB"
455,08/15/25,08/15/25,"0,00",Bazzar,ACARA 17 AN,HSP,HASIL PANEN,pertanian,15,3000,1,IKAT,0,45000,HASIL PANEN 17 AN
456,08/15/25,08/15/25,"0,00",Bazzar,PENGUNJUNG,BSY,BIBIT SAYURAN,pertanian,3,10000,1,POLIBAG,0,30000,"BIBIT CABE, TOMAT, TERONG"
457,08/15/25,08/15/25,"0,00",Bazzar,PENGUNJUNG,PNP,PUPUK NPK,pertanian,2,5000,100,GR,0,10000,"2 NPK, 2 UREA"
458,08/15/25,08/15/25,"0,00",Bazzar,PENGUNJUNG,URE,UREA,pertanian,4,5000,100,GR,0,20000,
459,08/10/25,08/15/25,"5,00",Bazzar,IBU ANILA,LDB,LIDAH BUAYA,sayuran,3,10000,1,KG,0,30000,3 HELAI LIDAH BUAYA
460,08/13/25,08/15/25,"2,00",Bazzar,BU ANILA,PLB,PERMEN LIDAH BUAYA,makanan,24,10000,100,GR,0,240000,"PERMEN LIDAH BUAYA, @5RB"
461,08/15/25,08/15/25,"0,00",Bazzar,PENGUNJUNG,PLB,PERMEN LIDAH BUAYA,makanan,12,10000,100,GR,0,120000,"PERMEN LIDAH BUAYA, 15RB 2 PCS"
462,08/12/25,08/15/25,"3,00",Bazzar,PENGUNJUNG,MLB,MINUMAN LIDAH BUAYA,minuman,22,6000,1,BOTOL,0,132000,"MINUMAN LIDAH BUAYA, @6RB"
463,08/15/25,08/15/25,"0,00",Bazzar,PENGUNJUNG,KRB,KERIPIK BAWANG,makanan,12,8000,100,GR,0,96000,KERIPIK BAWANG
464,08/16/25,08/16/25,"0,00",Reguler,IBU IRRIS,BYM,BAYAM,sayuran,6,4000,1,IKAT,0,24000,BAYAM
465,08/16/25,08/16/25,"0,00",Reguler,IBU EKA,KKG,KANGKUNG,sayuran,11,3000,1,IKAT,0,33000,KANGKUNG
466,08/16/25,08/16/25,"0,00",Reguler,IBU ITOH,KKG,KANGKUNG,sayuran,5,3000,1,IKAT,0,15000,KANGKUNG
467,08/17/25,08/17/25,"0,00",Reguler,IBU YUS,KKG,KANGKUNG,sayuran,8,3000,1,IKAT,0,24000,KANGKUNG
468,08/18/25,08/18/25,"0,00",Reguler,IBU MAI,KKG,KANGKUNG,sayuran,5,3000,1,IKAT,0,15000,KANGKUNG
469,08/18/25,08/18/25,"0,00",Reguler,IBU NETI,KKG,KANGKUNG,sayuran,7,3000,1,IKAT,0,21000,KANGKUNG
470,08/19/25,08/19/25,"0,00",Reguler,IBU SAROH,KKG,KANGKUNG,sayuran,11,3000,1,IKAT,0,33000,KANGKUNG
471,08/19/25,08/19/25,"0,00",Reguler,IBU KASIH,KKG,KANGKUNG,sayuran,5,3000,1,IKAT,0,15000,KANGKUNG
472,08/20/25,08/20/25,"0,00",Reguler,IBU SUNJOYO,BYM,BAYAM,sayuran,5,4000,1,IKAT,0,20000,BAYAM
473,08/21/25,08/21/25,"0,00",Reguler,PENJUAL LAUK,BYM,BAYAM,sayuran,6,4000,1,IKAT,0,24000,BAYAM
474,08/22/25,08/22/25,"0,00",Reguler,IBU TOTOK,SLD,SELADA,sayuran,5,5000,200,GR,0,25000,SELADA 5 IKAT
475,08/23/25,08/23/25,"0,00",Reguler,IBU ZUL,SAW,SAWI,sayuran,16,4000,1,IKAT,0,64000,SAWI DAN KANGKUNG
476,08/23/25,08/23/25,"0,00",Reguler,IBU ZUL,KKG, KANGKUNG,sayuran,10,3000,1,IKAT,0,30000,
477,08/29/25,08/29/25,"0,00",Reguler,IBU ATI,SLD,SELADA,sayuran,3,5000,200,GR,0,15000,SELADA DAN KANGKUNG
478,08/29/25,08/29/25,"0,00",Reguler,IBU ATI,KKG,KANGKUNG,sayuran,5,3000,1,IKAT,0,15000,
479,08/30/25,08/30/25,"0,00",Reguler,GINANJAR,SAW,SAWI,sayuran,8,4000,1,IKAT,0,32000,"SAWI, SELADA, KANGKUNG"
480,08/30/25,08/30/25,"0,00",Reguler,GINANJAR,SLD,SELADA ,sayuran,9,5000,200,GR,0,45000,
481,08/30/25,08/30/25,"0,00",Reguler,GINANJAR,KKG,KANGKUNG,sayuran,12,3000,1,IKAT,0,36000,
482,08/30/25,08/30/25,"0,00",Reguler,PAK AZWAR,KKG,KANGKUNG,sayuran,7,3000,1,IKAT,0,21000,KANGKUNG
483,09/3/25,09/3/25,"0,00",Reguler,IBU ATI,SLD,SELADA,sayuran,8,5000,200,GR,0,40000,SELADA DAN KANGKUNG
484,09/3/25,09/3/25,"0,00",Reguler,IBU ATI,KKG,KANGKUNG,sayuran,5,3000,1,IKAT,0,15000,
485,09/3/25,09/3/25,"0,00",Reguler,IBU SUWADIE,SAW,SAWI,sayuran,3,4000,1,IKAT,0,12000,SAWI   
486,09/23/25,09/23/25,"0,00",Reguler,IBU DESI,MDT,MEDIA TANAM,pertanian,7,17000,1,SACK,0,119000,"MEDIA TANAM 7 (@5000X6=30RB), 100RB"
487,09/26/25,09/26/25,"0,00",Mini Bazzar,PENGUNJUNG,PYB,PEYEK BAYAM,makanan,4,10000,100,GR,0,40000,PEYEK BAYAM
488,09/26/25,09/26/25,"0,00",Mini Bazzar,PENGUNJUNG,PMJ,PERMEN JELLY,makanan,2,10000,100,GR,0,20000,PERMEN JELLY
489,09/22/25,09/26/25,"4,00",Mini Bazzar,PENGUNJUNG,MLB,MINUMAN LIDAH BUAYA,minuman,35,6000,1,BOTOL,0,210000,MINUMAN LIDAH BUAYA
490,09/26/25,09/26/25,"0,00",Mini Bazzar,PENGUNJUNG,BLB,BIBIT LIDAH BUAYA,pertanian,1,10000,3,BIBIT,0,10000,BIBIT LIDAH BUAYA
491,09/26/25,09/26/25,"0,00",Mini Bazzar,PENGUNJUNG,BSY,BIBIT SAYURAN,pertanian,1,10000,1,POLIBAG,0,10000,BIBIT TOMAT
492,10/10/25,10/10/25,"0,00",Reguler,IBU SUWADIE,MDT,MEDIA TANAM,pertanian,4,17000,1,SACK,0,68000,"MEDIA TANAM 4 (@5000X4=20RB), 60RB"
493,10/17/25,10/17/25,"0,00",Reguler,IBU IRAWAN,MDT,MEDIA TANAM,pertanian,3,17000,1,SACK,0,51000,"MEDIA TANAM 3 (@5000X3=15RB), 45RB"
494,10/31/25,10/31/25,"0,00",Reguler,IRRIS,SAW,SAWI,sayuran,6,4000,1,IKAT,0,24000,SAWI
495,10/17/25,10/17/25,"0,00",Reguler,MIRA,JGG,JAGUNG,sayuran,4,10000,1,KG,0,40000,JAGUNG
496,10/17/25,10/17/25,"0,00",Reguler,INFAQ,HSP,HASIL PANEN,pertanian,10,3000,1,IKAT,0,30000,PANEN
497,11/20/25,11/20/25,"0,00",Reguler,SULISTYO,HSP,HASIL PANEN,pertanian,11,3000,1,IKAT,0,33000,PANEN
498,11/20/25,11/20/25,"0,00",Reguler,BU TOTOK,HSP,HASIL PANEN,pertanian,7,3000,1,IKAT,0,21000,PANEN
499,11/20/25,11/20/25,"0,00",Reguler,BU SUWADIE,HSP,HASIL PANEN,pertanian,9,3000,1,IKAT,0,27000,PANEN
500,11/20/25,11/20/25,"0,00",Reguler,BU ZUL,HSP,HASIL PANEN,pertanian,14,3000,1,IKAT,0,42000,PANEN
501,12/1/25,12/4/25,"3,00",Bazzar,PENGUNJUNG,MLB,MINUMAN LIDAH BUAYA,minuman,15,6000,1,BOTOL,0,90000,MINUMAN LIDAH BUAYA
502,12/4/25,12/4/25,"0,00",Bazzar,PENGUNJUNG,TTL,ES TELANG,minuman,7,5000,10,GR,0,35000,ES TELANG
503,12/4/25,12/4/25,"0,00",Bazzar,PENGUNJUNG,KKG,KANGKUNG,sayuran,8,3000,1,IKAT,0,24000,KANGKUNG
504,12/4/25,12/4/25,"0,00",Bazzar,PENGUNJUNG,JGG,JAGUNG,sayuran,21,10000,1,KG,0,210000,JAGUNG PULUT
505,12/4/25,12/4/25,"0,00",Bazzar,PENGUNJUNG,BLB,BIBIT LIDAH BUAYA,pertanian,1,10000,3,BIBIT,0,10000,BIBIT LIDAH BUAYA
506,12/12/25,12/12/25,"0,00",Reguler,IBU DESI,MDT,MEDIA TANAM,pertanian,2,17000,1,SACK,0,34000,"MEDIA TANAM 2 (@5000X1=5RB), 25RB"
507,11/30/25,12/5/25,"5,00",Reguler,ANILA,LDB,LIDAH BUAYA,sayuran,5,10000,1,KG,0,50000,LIDAH BUAYA    
508,12/5/25,12/5/25,"0,00",Reguler,ANILA,SYR,SAYUR,sayuran,7,4000,1,IKAT,0,28000,SAYUR
509,12/14/25,12/14/25,"0,00",Reguler,IBU PAIRIN,MDT,MEDIA TANAM,pertanian,4,17000,1,SACK,0,68000,"3 MEDIA TANAM, 45RB"
510,12/15/25,12/15/25,"0,00",Reguler,IBU SUWADIE,MDT,MEDIA TANAM,pertanian,5,17000,1,SACK,0,85000,"MEDIA TANAM 4 (@5000X4=20RB), 60RB"
511,12/16/25,12/16/25,"0,00",Reguler,IBU SUNJOYO,BYM,BAYAM,sayuran,6,4000,1,IKAT,0,24000,BAYAM
512,12/15/25,12/18/25,"3,00",Reguler,IBU ANILA,LDB,LIDAH BUAYA,sayuran,9,10000,1,KG,0,90000,3 HELAI LIDAH BUAYA
513,12/19/25,12/19/25,"0,00",Reguler,IBU RW,HSP,HASIL PANEN,pertanian,10,3000,1,IKAT,0,30000,PANEN
514,12/20/25,12/20/25,"0,00",Reguler,IBU ITOH,KKG,KANGKUNG,sayuran,3,3000,1,IKAT,0,9000,KANGKUNG
515,12/22/25,12/22/25,"0,00",Reguler,IBU DESI,MDT,MEDIA TANAM,pertanian,4,17000,1,SACK,0,68000,"MEDIA TANAM 2 (@5000X1=5RB), 25RB"
516,12/23/25,12/23/25,"0,00",Reguler,IBU EKA,KKG,KANGKUNG,sayuran,8,3000,1,IKAT,0,24000,KANGKUNG
517,12/20/25,12/24/25,"4,00",Reguler,BU LURAH,PLB,PERMEN LIDAH BUAYA,makanan,8,10000,100,GR,0,80000,1 PCS PERMEN LIDAH BUAYA
518,12/20/25,12/26/25,"6,00",Reguler,ROMLAH,PLB,PERMEN LIDAH BUAYA,makanan,12,10000,100,GR,0,120000,2 PCS PERMEN LIDAH BUAYA
519,12/27/25,12/27/25,"0,00",Reguler,BU SUWADIE,HSP,HASIL PANEN,pertanian,4,3000,1,IKAT,0,12000,PANEN
520,12/25/25,12/28/25,"3,00",Reguler,BU TRI PKK,PLB,PERMEN LIDAH BUAYA,makanan,6,10000,100,GR,0,60000,6 PCS PERMEN LIDAH BUAYA
521,12/27/25,12/30/25,"3,00",Reguler,BU YATI,PLB,PERMEN LIDAH BUAYA,makanan,8,10000,100,GR,0,80000,2 PCS PERMEN LIDAH BUAYA
522,12/30/25,12/31/25,"1,00",Reguler,BU EKA,PLB,PERMEN LIDAH BUAYA,makanan,8,10000,100,GR,0,80000,1 PCS PERMEN LIDAH BUAYA
523,01/30/26,01/30/26,"0,00",Reguler,IBU HJ.SRI,PPK,PUPUK,pertanian,2,17000,1,SACK,0,34000,"2 PUPUK, 30RB"
524,02/1/26,02/4/26,"3,00",Reguler,POKTAN,LDB,LIDAH BUAYA,sayuran,5,10000,1,KG,0,50000,5 KG LIDAH BUAYA UTK MINUMAN
525,02/4/26,02/4/26,"0,00",Bazzar,PENGUNJUNG,CKP,COKLAT PERMEN,makanan,12,10000,100,GR,0,120000,10RB/PAK
526,02/4/26,02/4/26,"0,00",Bazzar,PENGUNJUNG,KRY,KERIPIK BAYAM,makanan,12,10000,100,GR,0,120000,10RB/PAK
527,02/2/26,02/4/26,"2,00",Bazzar,PENGUNJUNG,MNM,MINUMAN,minuman,12,6000,1,BOTOL,0,72000,5RB/BOTOL
528,02/4/26,02/4/26,"0,00",Bazzar,PENGUNJUNG,JHE,JAHE,sayuran,12,10000,250,GR,0,120000,15RB/2 BOTOL
529,02/6/26,02/6/26,"0,00",Reguler,PENGUNJUNG,CKP,COKLAT PERMEN,makanan,5,10000,100,GR,0,50000,10RB/PAK
530,02/4/26,02/6/26,"2,00",Reguler,PENGUNJUNG,MNM,MINUMAN,minuman,10,6000,1,BOTOL,0,60000,5RB/BOTOL
531,02/10/26,02/10/26,"0,00",Reguler,PENGUNJUNG,CKP,COKLAT PERMEN,makanan,180,10000,100,GR,0,1800000,"JUAL KE SD, 1RB/PCS, 200 UTK POKTAN"
532,02/12/26,02/12/26,"0,00",Reguler,IBU DESI PKK,PPK,PUPUK,pertanian,4,17000,1,SACK,0,68000,"4 PUPUK, 60RB"
533,02/16/26,02/16/26,"0,00",Reguler,IBU IRRIS,LBP,LABU PRIDA,sayuran,3,10000,1,KG,0,30000,"1 LABU PRIDA, BERAT 3 KG"
534,02/16/26,02/16/26,"0,00",Reguler,IBU INTAN,LBP,LABU PRIDA,sayuran,"2,4",10000,1,KG,0,24000,"1 LABU PRIDA, BERAT 2,4 KG"
535,02/16/26,02/16/26,"0,00",Reguler,IBU SUNDARI,LBP,LABU PRIDA,sayuran,2,10000,1,KG,0,20000,"1 LABU PRIDA, BERAT 2 KG"
536,03/5/26,03/5/26,"0,00",Reguler,IBU DESI PKK,PPK,PUPUK,pertanian,4,17000,1,SACK,0,68000,"4 PUPUK, 60RB"
537,03/13/26,03/13/26,"0,00",Reguler,PENGUNJUNG,CKP,COKLAT PERMEN,makanan,1,10000,100,GR,0,10000,3000
538,03/13/26,03/13/26,"0,00",Reguler,PENGUNJUNG,CKP,COKLAT PERMEN,makanan,3,10000,100,GR,0,30000,5000
539,03/16/26,03/16/26,"0,00",Bazzar,IBU GLORIA,PSK,PISANG KEPOK,sayuran,1,20000,1,SISIR,0,20000,1 SISIR PISANG KEPOK
540,03/16/26,03/16/26,"0,00",Bazzar,ENENG,PSK,PISANG KEPOK,sayuran,1,20000,1,SISIR,0,20000,1 SISIR PISANG KEPOK
541,03/16/26,03/16/26,"0,00",Bazzar,IBU HARIANTO,PSK,PISANG KEPOK,sayuran,2,20000,1,SISIR,0,40000,2 SISIR PISANG KEPOK
542,03/16/26,03/16/26,"0,00",Bazzar,IBU GITO,PSK,PISANG KEPOK,sayuran,1,20000,1,SISIR,0,20000,1 SISIR PISANG KEPOK
543,03/16/26,03/16/26,"0,00",Bazzar,BP YUNUS,PSK,PISANG KEPOK,sayuran,2,20000,1,SISIR,0,40000,2 SISIR PISANG KEPOK
544,03/16/26,03/16/26,"0,00",Bazzar,IBU SOFYAN,PSK,PISANG KEPOK,sayuran,2,20000,1,SISIR,0,40000,2 SISIR PISANG KEPOK
545,03/16/26,03/16/26,"0,00",Bazzar,IBU SUWADIE,PSK,PISANG KEPOK,sayuran,2,20000,1,SISIR,0,40000,2 SISIR PISANG KEPOK
546,03/16/26,03/16/26,"0,00",Bazzar,IBU ATI,PSK,PISANG KEPOK,sayuran,2,20000,1,SISIR,0,40000,2 SISIR PISANG KEPOK
547,03/16/26,03/16/26,"0,00",Bazzar,INTAN,PSK,PISANG KEPOK,sayuran,2,20000,1,SISIR,0,40000,2 SISIR PISANG KEPOK
548,03/16/26,03/16/26,"0,00",Bazzar,GINANJAR,PSK,PISANG KEPOK,sayuran,1,20000,1,SISIR,0,20000,1 SISIR PISANG KEPOK
549,03/16/26,03/16/26,"0,00",Bazzar,IBU SULISTYO,PSK,PISANG KEPOK,sayuran,1,20000,1,SISIR,0,20000,1 SISIR PISANG KEPOK
550,03/29/26,03/29/26,"0,00",Reguler,PENGUNJUNG,CKP,COKLAT PERMEN,makanan,4,10000,100,GR,0,40000,"@35RB, IBU TRIEE"
551,03/29/26,03/29/26,"0,00",Reguler,PENGUNJUNG,PMJ,PERMEN JELLY,makanan,4,10000,100,GR,0,40000,"@40RB, IBU TRIEE"
552,03/26/26,03/30/26,"4,00",Bazzar,PENGUNJUNG,MLB,MINUMAN LIDAH BUAYA,minuman,26,6000,1,BOTOL,0,156000,BAZAAR DI PANEN KEBUN ANGGUR
553,03/30/26,03/30/26,"0,00",Bazzar,PENGUNJUNG,CKP,COKLAT PERMEN,makanan,10,10000,100,GR,0,100000,BAZAAR DI PANEN KEBUN ANGGUR
554,03/30/26,03/30/26,"0,00",Bazzar,PENGUNJUNG,PMJ,PERMEN JELLY,makanan,10,10000,100,GR,0,100000,BAZAAR DI PANEN KEBUN ANGGUR
555,03/31/26,03/31/26,"0,00",Reguler,IBU INTAN,LBP,LABU PRIDA,sayuran,2,10000,1,KG,0,20000,"1 LABU PRIDA, BERAT 2 KG"
556,04/2/26,04/2/26,"0,00",Reguler,IBU SUNDARI,LBP,LABU PRIDA,sayuran,3,10000,1,KG,0,30000,"1 LABU PRIDA, BERAT 3 KG"
557,04/2/26,04/2/26,"0,00",Reguler,IBU GLORIA,PSK,PISANG KEPOK,sayuran,1,20000,1,SISIR,0,20000,1 SISIR PISANG KEPOK
558,04/3/26,04/3/26,"0,00",Reguler,ENENG,PSK,PISANG KEPOK,sayuran,1,20000,1,SISIR,0,20000,1 SISIR PISANG KEPOK
559,04/4/26,04/4/26,"0,00",Reguler,IBU HARIANTO,PSK,PISANG KEPOK,sayuran,2,20000,1,SISIR,0,40000,2 SISIR PISANG KEPOK
560,04/5/26,04/5/26,"0,00",Reguler,IBU GITO,PSK,PISANG KEPOK,sayuran,1,20000,1,SISIR,0,20000,1 SISIR PISANG KEPOK
561,04/5/26,04/5/26,"0,00",Reguler,BP YUNUS,PSK,PISANG KEPOK,sayuran,2,20000,1,SISIR,0,40000,2 SISIR PISANG KEPOK
562,04/5/26,04/5/26,"0,00",Reguler,IBU SOFYAN,PSK,PISANG KEPOK,sayuran,2,20000,1,SISIR,0,40000,2 SISIR PISANG KEPOK
563,04/8/26,04/8/26,"0,00",Reguler,IBU SUWADIE,PSK,PISANG KEPOK,sayuran,2,20000,1,SISIR,0,40000,2 SISIR PISANG KEPOK
564,04/11/26,04/11/26,"0,00",Reguler,IBU ATI,PSK,PISANG KEPOK,sayuran,2,20000,1,SISIR,0,40000,2 SISIR PISANG KEPOK
565,04/11/26,04/11/26,"0,00",Reguler,INTAN,MDT,MEDIA TANAM,pertanian,3,17000,1,SACK,0,51000,"3 MEDIA TANAM, 50RB"
566,04/11/26,04/11/26,"0,00",Reguler,GINANJAR,PSK,PISANG KEPOK,sayuran,1,20000,1,SISIR,0,20000,1 SISIR PISANG KEPOK
567,04/13/26,04/13/26,"0,00",Reguler,IBU SULISTYO,PSK,PISANG KEPOK,sayuran,1,20000,1,SISIR,0,20000,1 SISIR PISANG KEPOK
568,04/13/26,04/13/26,"0,00",Reguler,PENGUNJUNG,PMJ,PERMEN JELLY,makanan,4,10000,100,GR,0,40000,"BUNGKUS, IBU TRIEE, @7500"
569,04/12/26,04/15/26,"3,00",Mini Bazzar,PENGUNJUNG,MLB,MINUMAN LIDAH BUAYA,minuman,4,6000,1,BOTOL,0,24000,MINI BAZAAR DI POKTAN
570,04/19/26,04/19/26,"0,00",Reguler,IBU IRAWAN,MDT,MEDIA TANAM,pertanian,3,17000,1,SACK,0,51000,"3 MEDIA TANAM, 50RB"
571,04/20/26,04/20/26,"0,00",Reguler,PENGUNJUNG,PMJ,PERMEN JELLY,makanan,5,10000,100,GR,0,50000,"BUNGKUS, IBU TRIEE, @7500"
572,04/22/26,04/22/26,"0,00",Reguler,NILA,MDT,MEDIA TANAM,pertanian,2,17000,1,SACK,0,34000,"2 MEDIA TANAM, 1 PUPUK, 50RB"
573,04/23/26,04/23/26,"0,00",Reguler,NILA,PPK,PUPUK,pertanian,1,17000,1,SACK,0,17000,
574,04/22/26,04/22/26,"0,00",Reguler,NENI,MDT,MEDIA TANAM,pertanian,2,17000,1,SACK,0,34000,"2 MEDIA TANAM, 1 PUPUK, 50RB"
575,04/23/26,04/23/26,"0,00",Reguler,NENI,PPK,PUPUK,pertanian,1,17000,1,SACK,0,17000,
576,05/2/26,05/2/26,"0,00",Reguler,IBU IRAWAN,MDT,MEDIA TANAM,pertanian,6,17000,1,SACK,0,102000,"6 MEDIA TANAM, 100RB"
577,05/5/26,05/5/26,"0,00",Reguler,NILA,MDT,MEDIA TANAM,pertanian,2,17000,1,SACK,0,34000,"2 MEDIA TANAM, 1 PUPUK, 50RB"
578,05/4/26,05/4/26,"0,00",Reguler,NILA,PPK,PUPUK,pertanian,1,17000,1,SACK,0,17000,
579,05/6/26,05/6/26,"0,00",Reguler,NENI,MDT,MEDIA TANAM,pertanian,2,17000,1,SACK,0,34000,"2 MEDIA TANAM, 1 PUPUK, 50RB"
580,05/9/26,05/9/26,"0,00",Bazzar,PENGUNJUNG,KMG,KEMANGI,sayuran,4,1000,1,IKAT,0,4000,BAZAAR PASAR TUMBUH
581,05/9/26,05/9/26,"0,00",Bazzar,PENGUNJUNG,TTL,TEH BUNGA TELANG,minuman,4,5000,10,GR,0,20000,BAZAAR PASAR TUMBUH
582,05/9/26,05/9/26,"0,00",Bazzar,PENGUNJUNG,KJG,KERIPIK JAGUNG GEPREK,makanan,7,10000,100,GR,0,70000,BAZAAR PASAR TUMBUH
583,05/12/26,05/12/26,"0,00",Mini Bazzar,PENGUNJUNG,KCT,KACANG TELOR,makanan,10,15000,250,GR,0,150000,MINI BAZAAR DI POKTAN
584,05/8/26,05/12/26,"4,00",Mini Bazzar,PENGUNJUNG,MNJ,MINUMAN JERUK,minuman,10,6000,1,BOTOL,0,60000,MINI BAZAAR DI POKTAN
585,05/10/26,05/12/26,"2,00",Mini Bazzar,PENGUNJUNG,MNT,MINUMAN TIMUN,minuman,2,6000,1,BOTOL,0,12000,MINI BAZAAR DI POKTAN
586,05/12/26,05/12/26,"0,00",Mini Bazzar,PENGUNJUNG,GRG,GORENGAN,makanan,4,2000,1,PCS,0,8000,MINI BAZAAR DI POKTAN
587,05/12/26,05/12/26,"0,00",Mini Bazzar,PENGUNJUNG,RJK,RUJAK KANGKUNG,makanan,8,5000,1,PORSI,0,40000,MINI BAZAAR DI POKTAN
588,05/12/26,05/12/26,"0,00",Mini Bazzar,PENGUNJUNG,CRG,CIRENG,makanan,10,5000,1,PCS,0,50000,MINI BAZAAR DI POKTAN
589,05/12/26,05/12/26,"0,00",Mini Bazzar,PENGUNJUNG,TTL,TEH BUNGA TELANG,minuman,11,5000,10,GR,0,55000,MINI BAZAAR DI POKTAN
590,05/12/26,05/12/26,"0,00",Mini Bazzar,PENGUNJUNG,CKP,COKLAT PERMEN,makanan,12,10000,100,GR,0,120000,BAZAAR DI PANEN KEBUN ANGGUR
591,05/12/26,05/12/26,"0,00",Mini Bazzar,PENGUNJUNG,KRY,KERIPIK BAYAM,makanan,3,10000,100,GR,0,30000,MINI BAZAAR DI POKTAN
592,05/13/26,05/13/26,"0,00",Reguler,NILA,MDT,MEDIA TANAM,pertanian,2,17000,1,SACK,0,34000,"2 MEDIA TANAM, 1 PUPUK, 50RB"
593,05/13/26,05/13/26,"0,00",Reguler,NILA,PPK,PUPUK,pertanian,1,17000,1,SACK,0,17000,
594,05/14/26,05/14/26,"0,00",Reguler,NENI,PPK,PUPUK,pertanian,1,17000,1,SACK,0,17000,
595,05/14/26,05/14/26,"0,00",Reguler,IBU HJ. NUR,PPK,PUPUK,pertanian,3,17000,1,SACK,0,51000,"3 PUPUK, 50RB"
596,05/14/26,05/14/26,"0,00",Reguler,IBU TOTOK,MDT,MEDIA TANAM,pertanian,3,17000,1,SACK,0,51000,"3 MEDIA TANAM, 50RB"
597,05/14/26,05/14/26,"0,00",Reguler,PENGUNJUNG,KKG,KANGKUNG,sayuran,11,3000,1,IKAT,0,33000,PANEN KANGKUNG 11 KG
598,05/15/26,05/15/26,"0,00",Mini Bazzar,PENGUNJUNG,KRL,KERIPIK LABU,makanan,8,10000,100,GR,0,80000,"MINI BAZAAR DI POKTAN, OMSET 965.000"
599,05/15/26,05/15/26,"0,00",Mini Bazzar,PENGUNJUNG,BMG,BAWANG MERAH GORENG,makanan,8,15000,100,GR,0,120000,MINI BAZAAR DI POKTAN
600,05/15/26,05/15/26,"0,00",Mini Bazzar,PENGUNJUNG,KKG,KANGKUNG,sayuran,11,3000,1,IKAT,3000,30000,MINI BAZAAR DI POKTAN
601,05/16/26,05/16/26,"0,00",Reguler,IBU HJ.SRI,PPK,PUPUK,pertanian,4,17000,1,SACK,0,68000,"4 PUPUK, 65RB"
602,05/17/26,05/17/26,"0,00",Reguler,IBU HJ. NUR,PPK,PUPUK,pertanian,3,17000,1,SACK,0,51000,"3 PUPUK, 50RB"
603,05/17/26,05/17/26,"0,00",Reguler,IBU TOTOK,MDT,MEDIA TANAM,pertanian,3,17000,1,SACK,0,51000,"3 MEDIA TANAM, 50RB"
604,05/17/26,05/17/26,"0,00",Reguler,INTAN,MDT,MEDIA TANAM,pertanian,3,17000,1,SACK,1000,50000,"3 MEDIA TANAM, 50RB"
605,06/5/26,06/5/26,"0,00",Reguler,PANEN,KKG,KANGKUNG,sayuran,11,3000,1,IKAT,0,33000,PANEN KANGKUNG 11 KG
606,06/8/26,06/8/26,"0,00",Reguler,IBU IRAWAN,MDT,MEDIA TANAM,pertanian,6,17000,1,SACK,0,102000,"6 MEDIA TANAM, 100RB"
607,06/20/26,06/22/26,"2,00",Bazzar,PENGUNJUNG,MLB,MINUMAN LIDAH BUAYA,minuman,55,6000,1,BOTOL,0,330000,BAZAAR PASAR TUMBUH
608,06/22/26,06/22/26,"0,00",Bazzar,PENGUNJUNG,KRL,KERIPIK LABU,makanan,6,10000,100,GR,0,60000,BAZAAR PASAR TUMBUH
609,06/22/26,06/22/26,"0,00",Bazzar,PENGUNJUNG,KRY,KERIPIK BAYAM,makanan,1,10000,100,GR,0,10000,BAZAAR PASAR TUMBUH
610,06/22/26,06/22/26,"0,00",Bazzar,PENGUNJUNG,BMG,BAWANG MERAH GORENG,makanan,10,15000,100,GR,0,150000,BAZAAR PASAR TUMBUH
611,06/22/26,06/22/26,"0,00",Bazzar,PENGUNJUNG,KKG,KANGKUNG,sayuran,21,3000,1,IKAT,0,63000,BAZAAR PASAR TUMBUH
612,06/22/26,06/22/26,"0,00",Bazzar,PENGUNJUNG,KMG,KEMANGI,sayuran,6,1000,1,IKAT,0,6000,BAZAAR PASAR TUMBUH
613,06/22/26,06/22/26,"0,00",Bazzar,PENGUNJUNG,TTL,TEH BUNGA TELANG,minuman,4,5000,10,GR,0,20000,BAZAAR PASAR TUMBUH
614,06/22/26,06/22/26,"0,00",Bazzar,PENGUNJUNG,KJG,KERIPIK JAGUNG GEPREK,makanan,3,10000,100,GR,0,30000,BAZAAR PASAR TUMBUH
615,07/3/26,07/3/26,"0,00",Mini Bazzar,PENGUNJUNG,KRY,KERIPIK BAYAM,makanan,2,10000,100,GR,0,20000,MINI BAZAAR DI POKTAN
616,07/3/26,07/3/26,"0,00",Mini Bazzar,PENGUNJUNG,KCT,KACANG TELOR,makanan,3,15000,250,GR,0,45000,MINI BAZAAR DI POKTAN
617,06/29/26,07/3/26,"4,00",Mini Bazzar,PENGUNJUNG,MLB,MINUMAN LIDAH BUAYA,minuman,27,6000,1,BOTOL,0,162000,MINI BAZAAR DI POKTAN
618,07/1/26,07/3/26,"2,00",Mini Bazzar,PENGUNJUNG,MNJ,MINUMAN JERUK,minuman,8,6000,1,BOTOL,0,48000,MINI BAZAAR DI POKTAN
619,06/30/26,07/3/26,"3,00",Mini Bazzar,PENGUNJUNG,MNT,MINUMAN TIMUN,minuman,10,6000,1,BOTOL,0,60000,MINI BAZAAR DI POKTAN
620,07/3/26,07/3/26,"0,00",Mini Bazzar,PENGUNJUNG,JHE,JAHE,sayuran,19,10000,250,GR,0,190000,MINI BAZAAR DI POKTAN
621,07/3/26,07/3/26,"0,00",Mini Bazzar,PENGUNJUNG,GRG,GORENGAN,makanan,40,2000,1,PCS,0,80000,MINI BAZAAR DI POKTAN
622,07/3/26,07/3/26,"0,00",Mini Bazzar,PENGUNJUNG,KKG,KANGKUNG,sayuran,30,3000,1,IKAT,0,90000,MINI BAZAAR DI POKTAN
623,07/3/26,07/3/26,"0,00",Mini Bazzar,PENGUNJUNG,RJK,RUJAK KANGKUNG,makanan,30,5000,1,PORSI,0,150000,MINI BAZAAR DI POKTAN
624,07/3/26,07/3/26,"0,00",Mini Bazzar,PENGUNJUNG,CRG,CIRENG,makanan,17,5000,1,PCS,0,85000,MINI BAZAAR DI POKTAN
625,07/3/26,07/3/26,"0,00",Mini Bazzar,PENGUNJUNG,BMG,BAWANG MERAH GORENG,makanan,6,15000,100,GR,0,90000,MINI BAZAAR DI POKTAN
626,07/3/26,07/3/26,"0,00",Mini Bazzar,PENGUNJUNG,TTL,TEH BUNGA TELANG,minuman,2,5000,10,GR,0,10000,MINI BAZAAR DI POKTAN
627,07/3/26,07/3/26,"0,00",Mini Bazzar,PENGUNJUNG,KRL,KERIPIK LABU,makanan,2,10000,100,GR,0,20000,"MINI BAZAAR DI POKTAN, OMSET 965.000"
628,07/14/26,07/14/26,"0,00",Reguler,IBU EKA,MDT,MEDIA TANAM,pertanian,1,17000,1,SACK,0,17000,"1 MEDIA TANAM, 15RB"
629,07/14/26,07/14/26,"0,00",Reguler,IBU MELFA,MDT,MEDIA TANAM,pertanian,3,17000,1,SACK,0,51000,"3 MEDIA TANAM, 50RB"
630,07/16/26,07/16/26,"0,00",Reguler,IBU HJ.SRI,PPK,PUPUK,pertanian,4,17000,1,SACK,0,68000,"4 PUPUK, 65RB"
631,07/12/26,07/17/26,"5,00",Reguler,POKTAN,LDB,LIDAH BUAYA,sayuran,5,10000,1,KG,0,50000,5 KG LIDAH BUAYA UTK MINUMAN
632,07/18/26,07/18/26,"0,00",Reguler,PENGUNJUNG,CKP,COKLAT PERMEN,makanan,6,10000,100,GR,0,60000,BAZAAR DI PANEN KEBUN ANGGUR
633,07/20/26,07/20/26,"0,00",Mini Bazzar,PENGUNJUNG,KRY,KERIPIK BAYAM,makanan,9,10000,100,GR,0,90000,MINI BAZAAR DI POKTAN
634,07/17/26,07/20/26,"3,00",Bazzar,PENGUNJUNG,MNM,MINUMAN,minuman,10,6000,1,BOTOL,0,60000,5RB/BOTOL
635,07/20/26,07/20/26,"0,00",Mini Bazzar,PENGUNJUNG,JHE,JAHE,sayuran,4,10000,250,GR,0,40000,MINI BAZAAR DI POKTAN
636,07/20/26,07/20/26,"0,00",Bazzar,IBU DESI PKK,PPK,PUPUK,pertanian,4,17000,1,SACK,0,68000,"4 PUPUK, 60RB"
637,07/20/26,07/20/26,"0,00",Bazzar,IBU IRRIS,LBP,LABU PRIDA,sayuran,3,10000,1,KG,0,30000,"1 LABU PRIDA, BERAT 3 KG"
638,07/20/26,07/20/26,"0,00",Bazzar,IBU INTAN,LBP,LABU PRIDA,sayuran,"2,4",10000,1,KG,0,24000,"1 LABU PRIDA, BERAT 2,4 KG"
639,07/20/26,07/20/26,"0,00",Bazzar,IBU SUNDARI,LBP,LABU PRIDA,sayuran,2,10000,1,KG,0,20000,"1 LABU PRIDA, BERAT 2 KG"
640,07/20/26,07/20/26,"0,00",Bazzar,IBU GLORIA,PSK,PISANG KEPOK,sayuran,1,20000,1,SISIR,0,20000,1 SISIR PISANG KEPOK
641,07/20/26,07/20/26,"0,00",Bazzar,ENENG,PSK,PISANG KEPOK,sayuran,1,20000,1,SISIR,0,20000,1 SISIR PISANG KEPOK
642,08/1/26,08/1/26,"0,00",Reguler,IBU HARIANTO,PSK,PISANG KEPOK,sayuran,2,20000,1,SISIR,0,40000,2 SISIR PISANG KEPOK
643,08/2/26,08/2/26,"0,00",Reguler,IBU GITO,PSK,PISANG KEPOK,sayuran,1,20000,1,SISIR,0,20000,1 SISIR PISANG KEPOK
644,08/3/26,08/3/26,"0,00",Reguler,BP YUNUS,PSK,PISANG KEPOK,sayuran,2,20000,1,SISIR,0,40000,2 SISIR PISANG KEPOK
645,08/5/26,08/5/26,"0,00",Reguler,IBU SOFYAN,PSK,PISANG KEPOK,sayuran,2,20000,1,SISIR,0,40000,2 SISIR PISANG KEPOK
646,08/6/26,08/6/26,"0,00",Reguler,IBU SUWADIE,PSK,PISANG KEPOK,sayuran,2,20000,1,SISIR,0,40000,2 SISIR PISANG KEPOK
647,08/7/26,08/7/26,"0,00",Reguler,IBU ATI,PSK,PISANG KEPOK,sayuran,2,20000,1,SISIR,0,40000,2 SISIR PISANG KEPOK
648,08/9/26,08/9/26,"0,00",Reguler,INTAN,MDT,MEDIA TANAM,pertanian,3,17000,1,SACK,0,51000,"3 MEDIA TANAM, 50RB"
649,08/10/26,08/10/26,"0,00",Reguler,GINANJAR,PSK,PISANG KEPOK,sayuran,1,20000,1,SISIR,0,20000,1 SISIR PISANG KEPOK
650,08/11/26,08/11/26,"0,00",Reguler,IBU SULISTYO,PSK,PISANG KEPOK,sayuran,1,20000,1,SISIR,0,20000,1 SISIR PISANG KEPOK
651,08/13/26,08/13/26,"0,00",Reguler,PENGUNJUNG,PMJ,PERMEN JELLY,makanan,4,10000,100,GR,0,40000,"BUNGKUS, IBU TRIEE, @7500"
652,08/11/26,08/14/26,"3,00",Mini Bazzar,PENGUNJUNG,MLB,MINUMAN LIDAH BUAYA,minuman,7,6000,1,BOTOL,0,42000,MINI BAZAAR DI POKTAN
653,08/15/26,08/15/26,"0,00",Reguler,IBU IRAWAN,MDT,MEDIA TANAM,pertanian,6,17000,1,SACK,0,102000,"6 MEDIA TANAM, 100RB"
654,08/17/26,08/17/26,"0,00",Reguler,NILA,MDT,MEDIA TANAM,pertanian,2,17000,1,SACK,0,34000,"2 MEDIA TANAM, 1 PUPUK, 50RB"
655,08/18/26,08/18/26,"0,00",Reguler,NILA,PPK,PUPUK,pertanian,1,17000,1,SACK,0,17000,
656,08/18/26,08/18/26,"0,00",Reguler,NENI,MDT,MEDIA TANAM,pertanian,2,17000,1,SACK,0,34000,"2 MEDIA TANAM, 1 PUPUK, 50RB"
657,08/19/26,08/19/26,"0,00",Reguler,NENI,PPK,PUPUK,pertanian,1,17000,1,SACK,0,17000,
658,08/19/26,08/19/26,"0,00",Reguler,IBU HJ. NUR,PPK,PUPUK,pertanian,3,17000,1,SACK,0,51000,"3 PUPUK, 50RB"
659,08/21/26,08/21/26,"0,00",Reguler,IBU TOTOK,MDT,MEDIA TANAM,pertanian,3,17000,1,SACK,0,51000,"3 MEDIA TANAM, 50RB"
660,08/22/26,08/22/26,"0,00",Reguler,PENGUNJUNG,KKG,KANGKUNG,sayuran,11,3000,1,IKAT,0,33000,PANEN KANGKUNG 11 KG
661,08/23/26,08/23/26,"0,00",Mini Bazzar,PENGUNJUNG,KRL,KERIPIK LABU,makanan,10,10000,100,GR,0,100000,"MINI BAZAAR DI POKTAN, OMSET 965.000"
662,08/23/26,08/23/26,"0,00",Mini Bazzar,PENGUNJUNG,BMG,BAWANG MERAH GORENG,makanan,3,15000,100,GR,0,45000,MINI BAZAAR DI POKTAN
663,08/23/26,08/23/26,"0,00",Mini Bazzar,PENGUNJUNG,KKG,KANGKUNG,sayuran,4,3000,1,IKAT,0,12000,MINI BAZAAR DI POKTAN
664,08/24/26,08/24/26,"0,00",Reguler,IBU EKA,MDT,MEDIA TANAM,pertanian,1,17000,1,SACK,0,17000,"1 MEDIA TANAM, 15RB"
665,08/25/26,08/25/26,"0,00",Reguler,IBU MELFA,MDT,MEDIA TANAM,pertanian,3,17000,1,SACK,0,51000,"3 MEDIA TANAM, 50RB"
666,08/26/26,08/26/26,"0,00",Reguler,IBU HJ.SRI,PPK,PUPUK,pertanian,4,17000,1,SACK,0,68000,"4 PUPUK, 65RB"
667,08/20/26,08/26/26,"6,00",Reguler,POKTAN,LDB,LIDAH BUAYA,sayuran,5,10000,1,KG,0,50000,5 KG LIDAH BUAYA UTK MINUMAN
668,08/27/26,08/27/26,"0,00",Bazzar,PENGUNJUNG,KMG,KEMANGI,sayuran,8,1000,1,IKAT,0,8000,BAZAAR PASAR TUMBUH
669,08/27/26,08/27/26,"0,00",Bazzar,PENGUNJUNG,TTL,TEH BUNGA TELANG,minuman,9,5000,10,GR,0,45000,BAZAAR PASAR TUMBUH
670,08/27/26,08/27/26,"0,00",Bazzar,PENGUNJUNG,KJG,KERIPIK JAGUNG GEPREK,makanan,11,10000,100,GR,0,110000,BAZAAR PASAR TUMBUH
671,08/31/26,08/31/26,"0,00",Mini Bazzar,PENGUNJUNG,KCT,KACANG TELOR,makanan,4,15000,250,GR,0,60000,MINI BAZAAR DI POKTAN
672,08/27/26,08/31/26,"4,00",Mini Bazzar,PENGUNJUNG,MNJ,MINUMAN JERUK,minuman,5,6000,1,BOTOL,0,30000,MINI BAZAAR DI POKTAN
673,08/28/26,08/31/26,"3,00",Mini Bazzar,PENGUNJUNG,MNT,MINUMAN TIMUN,minuman,8,6000,1,BOTOL,0,48000,MINI BAZAAR DI POKTAN
674,08/31/26,08/31/26,"0,00",Mini Bazzar,PENGUNJUNG,GRG,GORENGAN,makanan,10,2000,1,PCS,0,20000,MINI BAZAAR DI POKTAN
675,08/31/26,08/31/26,"0,00",Mini Bazzar,PENGUNJUNG,RJK,RUJAK KANGKUNG,makanan,10,5000,1,PORSI,0,50000,MINI BAZAAR DI POKTAN
676,08/31/26,08/31/26,"0,00",Mini Bazzar,PENGUNJUNG,CRG,CIRENG,makanan,4,5000,1,PCS,0,20000,MINI BAZAAR DI POKTAN
677,08/31/26,08/31/26,"0,00",Mini Bazzar,PENGUNJUNG,TTL,TEH BUNGA TELANG,minuman,4,5000,10,GR,0,20000,MINI BAZAAR DI POKTAN
678,09/10/26,09/10/26,"0,00",Reguler,IBU EKA,MDT,MEDIA TANAM,pertanian,1,17000,1,SACK,0,17000,"1 MEDIA TANAM, 15RB"
679,09/11/26,09/11/26,"0,00",Reguler,IBU MELFA,MDT,MEDIA TANAM,pertanian,3,17000,1,SACK,0,51000,"3 MEDIA TANAM, 50RB"
680,09/12/26,09/12/26,"0,00",Reguler,IBU HJ.SRI,PPK,PUPUK,pertanian,4,17000,1,SACK,0,68000,"4 PUPUK, 65RB"
681,09/13/26,09/14/26,"1,00",Reguler,POKTAN,LDB,LIDAH BUAYA,sayuran,5,10000,1,KG,0,50000,5 KG LIDAH BUAYA UTK MINUMAN
682,09/15/26,09/15/26,"0,00",Bazzar,PENGUNJUNG,CKP,COKLAT PERMEN,makanan,5,10000,100,GR,0,50000,BAZAAR DI PANEN KEBUN ANGGUR
683,09/15/26,09/15/26,"0,00",Mini Bazzar,PENGUNJUNG,KRY,KERIPIK BAYAM,makanan,6,10000,100,GR,0,60000,MINI BAZAAR DI POKTAN
684,09/15/26,09/18/26,"3,00",Reguler,PENGUNJUNG,MNM,MINUMAN,minuman,8,6000,1,BOTOL,0,48000,5RB/BOTOL
685,09/19/26,09/19/26,"0,00",Mini Bazzar,PENGUNJUNG,JHE,JAHE,sayuran,10,10000,250,GR,0,100000,MINI BAZAAR DI POKTAN
686,09/20/26,09/20/26,"0,00",Reguler,IBU DESI PKK,PPK,PUPUK,pertanian,4,17000,1,SACK,0,68000,"4 PUPUK, 60RB"
687,09/22/26,09/22/26,"0,00",Reguler,IBU IRRIS,LBP,LABU PRIDA,sayuran,"2,8",10000,1,KG,0,28000,"1 LABU PRIDA, BERAT 2.8 KG"
688,09/23/26,09/23/26,"0,00",Reguler,IBU INTAN,LBP,LABU PRIDA,sayuran,"2,6",10000,1,KG,0,26000,"1 LABU PRIDA, BERAT 2,6 KG"
689,09/24/26,09/24/26,"0,00",Reguler,IBU SUNDARI,LBP,LABU PRIDA,sayuran,2,10000,1,KG,0,20000,"1 LABU PRIDA, BERAT 2 KG"
690,09/26/26,09/26/26,"0,00",Reguler,IBU GLORIA,PSK,PISANG KEPOK,sayuran,1,20000,1,SISIR,0,20000,1 SISIR PISANG KEPOK
691,09/27/26,09/27/26,"0,00",Reguler,ENENG,PSK,PISANG KEPOK,sayuran,1,20000,1,SISIR,0,20000,1 SISIR PISANG KEPOK
692,09/28/26,09/28/26,"0,00",Reguler,IBU HARIANTO,PSK,PISANG KEPOK,sayuran,2,20000,1,SISIR,0,40000,2 SISIR PISANG KEPOK
693,09/30/26,09/30/26,"0,00",Reguler,IBU GITO,PSK,PISANG KEPOK,sayuran,1,20000,1,SISIR,0,20000,1 SISIR PISANG KEPOK
694,10/1/26,10/1/26,"0,00",Reguler,BP YUNUS,PSK,PISANG KEPOK,sayuran,2,20000,1,SISIR,0,40000,2 SISIR PISANG KEPOK
695,10/2/26,10/2/26,"0,00",Reguler,IBU SOFYAN,PSK,PISANG KEPOK,sayuran,2,20000,1,SISIR,0,40000,2 SISIR PISANG KEPOK
696,10/4/26,10/4/26,"0,00",Reguler,IBU SUWADIE,PSK,PISANG KEPOK,sayuran,2,20000,1,SISIR,0,40000,2 SISIR PISANG KEPOK
697,10/5/26,10/5/26,"0,00",Reguler,IBU ATI,PSK,PISANG KEPOK,sayuran,2,20000,1,SISIR,0,40000,2 SISIR PISANG KEPOK
698,10/6/26,10/6/26,"0,00",Reguler,INTAN,MDT,MEDIA TANAM,pertanian,3,17000,1,SACK,0,51000,"3 MEDIA TANAM, 50RB"
699,10/8/26,10/8/26,"0,00",Bazzar,GINANJAR,PSK,PISANG KEPOK,sayuran,1,20000,1,SISIR,0,20000,1 SISIR PISANG KEPOK
700,10/8/26,10/8/26,"0,00",Bazzar,IBU SULISTYO,PSK,PISANG KEPOK,sayuran,1,20000,1,SISIR,0,20000,1 SISIR PISANG KEPOK
701,10/8/26,10/8/26,"0,00",Bazzar,PENGUNJUNG,PMJ,PERMEN JELLY,makanan,4,10000,100,GR,0,40000,"BUNGKUS, IBU TRIEE, @7500"
702,10/5/26,10/8/26,"3,00",Mini Bazzar,PENGUNJUNG,MLB,MINUMAN LIDAH BUAYA,minuman,4,6000,1,BOTOL,0,24000,MINI BAZAAR DI POKTAN
703,10/13/26,10/13/26,"0,00",Reguler,IBU IRAWAN,MDT,MEDIA TANAM,pertanian,6,17000,1,SACK,0,102000,"6 MEDIA TANAM, 100RB"
704,10/14/26,10/14/26,"0,00",Reguler,NILA,MDT,MEDIA TANAM,pertanian,2,17000,1,SACK,0,34000,"2 MEDIA TANAM, 1 PUPUK, 50RB"
705,10/15/26,10/15/26,"0,00",Reguler,NILA,PPK,PUPUK,pertanian,1,17000,1,SACK,0,17000,
706,10/16/26,10/16/26,"0,00",Reguler,NENI,MDT,MEDIA TANAM,pertanian,2,17000,1,SACK,0,34000,"2 MEDIA TANAM, 1 PUPUK, 50RB"
707,10/17/26,10/17/26,"0,00",Reguler,NENI,PPK,PUPUK,pertanian,1,17000,1,SACK,0,17000,
708,10/17/26,10/17/26,"0,00",Reguler,IBU HJ. NUR,PPK,PUPUK,pertanian,3,17000,1,SACK,0,51000,"3 PUPUK, 50RB"
709,10/18/26,10/18/26,"0,00",Reguler,IBU TOTOK,MDT,MEDIA TANAM,pertanian,3,17000,1,SACK,0,51000,"3 MEDIA TANAM, 50RB"
710,10/20/26,10/20/26,"0,00",Reguler,PANEN,KKG,KANGKUNG,sayuran,11,3000,1,IKAT,0,33000,PANEN KANGKUNG 11 KG
711,10/21/26,10/21/26,"0,00",Mini Bazzar,PENGUNJUNG,KRL,KERIPIK LABU,makanan,8,10000,100,GR,0,80000,"MINI BAZAAR DI POKTAN, OMSET 965.000"
712,10/21/26,10/21/26,"0,00",Mini Bazzar,PENGUNJUNG,BMG,BAWANG MERAH GORENG,makanan,12,15000,100,GR,0,180000,MINI BAZAAR DI POKTAN
713,10/21/26,10/21/26,"0,00",Mini Bazzar,PENGUNJUNG,KKG,KANGKUNG,sayuran,2,3000,1,IKAT,0,6000,MINI BAZAAR DI POKTAN
714,10/25/26,10/25/26,"0,00",Bazzar,PENGUNJUNG,KMG,KEMANGI,sayuran,6,1000,1,IKAT,0,6000,BAZAAR PASAR TUMBUH
715,10/25/26,10/25/26,"0,00",Bazzar,PENGUNJUNG,TTL,TEH BUNGA TELANG,minuman,7,5000,10,GR,0,35000,BAZAAR PASAR TUMBUH
716,10/25/26,10/25/26,"0,00",Bazzar,PENGUNJUNG,KJG,KERIPIK JAGUNG GEPREK,makanan,8,10000,100,GR,0,80000,BAZAAR PASAR TUMBUH
717,10/29/26,10/29/26,"0,00",Mini Bazzar,PENGUNJUNG,KCT,KACANG TELOR,makanan,11,15000,250,GR,0,165000,MINI BAZAAR DI POKTAN
718,10/26/26,10/29/26,"3,00",Mini Bazzar,PENGUNJUNG,MNJ,MINUMAN JERUK,minuman,3,6000,1,BOTOL,0,18000,MINI BAZAAR DI POKTAN
719,10/26/26,10/29/26,"3,00",Mini Bazzar,PENGUNJUNG,MNT,MINUMAN TIMUN,minuman,4,6000,1,BOTOL,0,24000,MINI BAZAAR DI POKTAN
720,10/29/26,10/29/26,"0,00",Mini Bazzar,PENGUNJUNG,GRG,GORENGAN,makanan,7,2000,1,PCS,0,14000,MINI BAZAAR DI POKTAN
721,10/29/26,10/29/26,"0,00",Mini Bazzar,PENGUNJUNG,RJK,RUJAK KANGKUNG,makanan,10,5000,1,PORSI,0,50000,MINI BAZAAR DI POKTAN
722,10/29/26,10/29/26,"0,00",Mini Bazzar,PENGUNJUNG,CRG,CIRENG,makanan,11,5000,1,PCS,0,55000,MINI BAZAAR DI POKTAN
723,10/29/26,10/29/26,"0,00",Mini Bazzar,PENGUNJUNG,TTL,TEH BUNGA TELANG,minuman,3,5000,10,GR,0,15000,MINI BAZAAR DI POKTAN