tanggal_pemesanantanggal_pemesanan,tanggal_barang_masuk,tanggal_barang_keluar,kode_produk,nama_produk,jumlah_produk_masuk,satuan_produk,demand_aktual_siklus
12/25/23,12/28/23,01/1/24,PLB,PERMEN LIDAH BUAYA,263,GR,219
01/2/24,01/1/24,01/2/24,BYM,BAYAM,140,IKAT,116
01/2/24,01/1/24,01/2/24,KKG,KANGKUNG,436,IKAT,363
01/2/24,01/1/24,01/2/24,SAW,SAWI,89,IKAT,74
01/2/24,01/1/24,01/2/24,SLD,SELADA,104,GR,86
01/3/24,01/4/24,01/6/24,MLB,MINUMAN LIDAH BUAYA,81,BOTOL,67
01/8/24,01/7/24,01/8/24,PSK,PISANG KEPOK,21,SISIR,17
01/10/24,01/9/24,01/10/24,MDT,MEDIA TANAM,201,SACK,167
01/13/24,01/12/24,01/13/24,HSP,HASIL PANEN,227,IKAT,189
01/13/24,01/12/24,01/13/24,KRB,KERIPIK BAWANG,62,GR,51
01/22/24,01/21/24,01/22/24,BSY,BIBIT SAYURAN,62,POLIBAG,51
01/23/24,01/22/24,01/23/24,JGG,JAGUNG,58,KG,48
01/23/24,01/26/24,01/30/24,LDB,LIDAH BUAYA,63,KG,52
01/25/24,01/24/24,01/25/24,BLB,BIBIT LIDAH BUAYA,58,BIBIT,48
01/26/24,01/25/24,01/26/24,SYR,SAYUR,48,IKAT,40
02/13/24,02/12/24,02/13/24,PSK,PISANG KEPOK,39,SISIR,39
04/9/24,04/11/24,04/12/24,PLB,PERMEN LIDAH BUAYA,149,GR,2
05/18/24,05/19/24,05/20/24,MNM,MINUMAN,10,BOTOL,8
05/26/24,05/25/24,05/26/24,JHE,JAHE,15,GR,12
05/27/24,05/26/24,05/27/24,LBP,LABU PRIDA,50,KG,41
05/27/24,05/26/24,05/27/24,PPK,PUPUK,30,SACK,25
05/29/24,05/28/24,05/29/24,PSK,PISANG KEPOK,71,SISIR,71
06/5/24,06/4/24,06/5/24,PMJ,PERMEN JELLY,22,GR,18
06/12/24,06/11/24,06/12/24,KKG,KANGKUNG,400,IKAT,21
06/16/24,06/15/24,06/16/24,BMG,BAWANG MERAH GORENG,9,GR,7
06/16/24,06/15/24,06/16/24,KRL,KERIPIK LABU,5,GR,4
06/20/24,06/21/24,06/23/24,GRG,GORENGAN,4,PCS,3
06/20/24,06/21/24,06/23/24,MNT,MINUMAN TIMUN,14,BOTOL,11
06/22/24,06/21/24,06/22/24,KJG,KERIPIK JAGUNG GEPREK,8,GR,6
06/22/24,06/21/24,06/22/24,KMG,KEMANGI,16,IKAT,13
06/22/24,06/21/24,06/22/24,TTL,TEH BUNGA TELANG,15,GR,12
06/23/24,06/22/24,06/23/24,CRG,CIRENG,9,PCS,7
06/23/24,06/22/24,06/23/24,KCT,KACANG TELOR,9,GR,7
06/23/24,06/22/24,06/23/24,MNJ,MINUMAN JERUK,12,BOTOL,10
06/23/24,06/22/24,06/23/24,RJK,RUJAK KANGKUNG,6,PORSI,5
06/23/24,06/26/24,06/29/24,CKP,COKLAT PERMEN,11,GR,9
06/30/24,06/29/24,06/30/24,KRY,KERIPIK BAYAM,14,GR,11
07/10/24,07/9/24,07/10/24,PSK,PISANG KEPOK,91,SISIR,91
07/16/24,07/15/24,07/16/24,MDT,MEDIA TANAM,184,SACK,114
07/19/24,07/21/24,07/22/24,KKG,KANGKUNG,384,IKAT,2
07/22/24,07/21/24,07/22/24,KKG,KANGKUNG,215,IKAT,215
07/22/24,07/24/24,07/25/24,BYM,BAYAM,116,IKAT,2
07/22/24,07/24/24,07/25/24,SLD,SELADA,86,GR,2
07/25/24,07/24/24,07/25/24,BYM,BAYAM,128,IKAT,77
07/25/24,07/24/24,07/25/24,SLD,SELADA,95,GR,43
07/26/24,07/25/24,07/26/24,SAW,SAWI,82,IKAT,71
07/26/24,07/28/24,07/29/24,BSY,BIBIT SAYURAN,31,POLIBAG,2
07/27/24,07/29/24,07/30/24,HSP,HASIL PANEN,189,IKAT,2
07/27/24,07/29/24,07/30/24,JGG,JAGUNG,27,KG,2
07/30/24,07/29/24,07/30/24,HSP,HASIL PANEN,208,IKAT,135
07/31/24,08/3/24,08/7/24,PLB,PERMEN LIDAH BUAYA,241,GR,128
07/31/24,08/2/24,08/3/24,BLB,BIBIT LIDAH BUAYA,27,BIBIT,2
07/31/24,08/2/24,08/3/24,SYR,SAYUR,23,IKAT,2
08/4/24,08/6/24,08/7/24,PLB,PERMEN LIDAH BUAYA,109.5,GR,3
09/10/24,09/12/24,09/13/24,PLB,PERMEN LIDAH BUAYA,92.3,GR,4
01/30/25,01/29/25,01/30/25,KKG,KANGKUNG,220,IKAT,5
01/30/25,01/29/25,01/30/25,SAW,SAWI,80,IKAT,5
02/3/25,02/2/25,02/3/25,KNK,KENIKIR,3,IKAT,2
02/21/25,02/23/25,02/25/25,LDB,LIDAH BUAYA,58,KG,28
02/25/25,02/24/25,02/25/25,MDT,MEDIA TANAM,155,SACK,3
04/14/25,04/16/25,04/17/25,HSP,HASIL PANEN,162,IKAT,3
04/15/25,04/14/25,04/15/25,MDT,MEDIA TANAM,105,SACK,11
04/17/25,04/16/25,04/17/25,HSP,HASIL PANEN,179,IKAT,33
04/17/25,04/16/25,04/17/25,PKC,PAKCOY,5,GR,4
04/28/25,04/30/25,05/2/25,PLB,PERMEN LIDAH BUAYA,191,GR,30
04/29/25,05/1/25,05/2/25,PLB,PERMEN LIDAH BUAYA,66,GR,5
05/23/25,05/22/25,05/23/25,MDT,MEDIA TANAM,47,SACK,6
06/1/25,06/3/25,06/4/25,PPK,PUPUK,25,SACK,2
06/3/25,06/5/25,06/6/25,HSP,HASIL PANEN,119,IKAT,4
06/4/25,06/3/25,06/4/25,PPK,PUPUK,28,SACK,8
06/5/25,06/4/25,06/5/25,LBP,LABU PRIDA,46,KG,2
06/6/25,06/5/25,06/6/25,HSP,HASIL PANEN,131,IKAT,11
06/6/25,06/5/25,06/6/25,KNK,KENIKIR,4,IKAT,4
06/13/25,06/12/25,06/13/25,CKP,COKLAT PERMEN,10,GR,4
06/14/25,06/13/25,06/14/25,KRY,KERIPIK BAYAM,13,GR,6
06/21/25,06/22/25,06/24/25,MNM,MINUMAN,9,BOTOL,7
06/26/25,06/25/25,06/26/25,JHE,JAHE,14,GR,10
06/26/25,06/28/25,06/29/25,MLB,MINUMAN LIDAH BUAYA,67,BOTOL,2
06/26/25,06/28/25,06/29/25,PLB,PERMEN LIDAH BUAYA,52.7,GR,6
06/27/25,06/28/25,06/29/25,MLB,MINUMAN LIDAH BUAYA,87,BOTOL,87
06/28/25,06/28/25,06/29/25,PLB,PERMEN LIDAH BUAYA,139,GR,44
07/4/25,07/3/25,07/4/25,HSP,HASIL PANEN,66,IKAT,16
07/10/25,07/9/25,07/10/25,MDT,MEDIA TANAM,8,SACK,3
07/11/25,07/13/25,07/14/25,KKG,KANGKUNG,302,IKAT,3
07/14/25,07/13/25,07/14/25,KKG,KANGKUNG,89,IKAT,25
07/15/25,07/17/25,07/18/25,BYM,BAYAM,96.5,IKAT,3
07/16/25,07/15/25,07/16/25,PSK,PISANG KEPOK,74,SISIR,6
07/18/25,07/17/25,07/18/25,BYM,BAYAM,107,IKAT,38
08/9/25,08/8/25,08/9/25,MDT,MEDIA TANAM,9,SACK,9
08/12/25,08/14/25,08/15/25,BSY,BIBIT SAYURAN,25.5,POLIBAG,3
08/12/25,08/14/25,08/15/25,PLB,PERMEN LIDAH BUAYA,48,GR,7
08/13/25,08/14/25,08/15/25,PLB,PERMEN LIDAH BUAYA,75,GR,36
08/15/25,08/14/25,08/15/25,BSY,BIBIT SAYURAN,57,POLIBAG,4
08/15/25,08/14/25,08/15/25,HSP,HASIL PANEN,22,IKAT,15
08/15/25,08/14/25,08/15/25,KRB,KERIPIK BAWANG,57,GR,12
08/15/25,08/14/25,08/15/25,PNP,PUPUK NPK,3,GR,2
08/15/25,08/14/25,08/15/25,URE,UREA,5,GR,4
08/16/25,08/15/25,08/16/25,KKG,KANGKUNG,91,IKAT,91
08/19/25,08/21/25,08/22/25,SLD,SELADA,64.5,GR,3
08/20/25,08/22/25,08/23/25,SAW,SAWI,150,IKAT,2
08/22/25,08/21/25,08/22/25,SLD,SELADA,71,GR,25
08/23/25,08/22/25,08/23/25,SAW,SAWI,56,IKAT,27
09/23/25,09/22/25,09/23/25,MDT,MEDIA TANAM,14,SACK,14
09/23/25,09/25/25,09/26/25,BLB,BIBIT LIDAH BUAYA,24,BIBIT,3
09/26/25,09/25/25,09/26/25,BLB,BIBIT LIDAH BUAYA,53,BIBIT,2
09/26/25,09/25/25,09/26/25,PMJ,PERMEN JELLY,20,GR,2
09/26/25,09/25/25,09/26/25,PYB,PEYEK BAYAM,5,GR,4
10/14/25,10/16/25,10/17/25,HSP,HASIL PANEN,70,IKAT,5
10/14/25,10/16/25,10/17/25,JGG,JAGUNG,24,KG,3
10/17/25,10/16/25,10/17/25,HSP,HASIL PANEN,16,IKAT,10
10/17/25,10/16/25,10/17/25,JGG,JAGUNG,53,KG,25
10/31/25,10/30/25,10/31/25,SAW,SAWI,38,IKAT,6
11/20/25,11/19/25,11/20/25,HSP,HASIL PANEN,41,IKAT,41
11/30/25,12/2/25,12/5/25,LDB,LIDAH BUAYA,44,KG,19
12/1/25,12/3/25,12/4/25,BLB,BIBIT LIDAH BUAYA,16.3,BIBIT,4
12/1/25,12/3/25,12/4/25,JGG,JAGUNG,17.3,KG,4
12/1/25,12/3/25,12/4/25,KKG,KANGKUNG,240,IKAT,4
12/1/25,12/3/25,12/4/25,MLB,MINUMAN LIDAH BUAYA,69.5,BOTOL,3
12/2/25,12/4/25,12/5/25,LDB,LIDAH BUAYA,80,KG,2
12/2/25,12/4/25,12/5/25,SYR,SAYUR,20,IKAT,3
12/4/25,12/3/25,12/4/25,KKG,KANGKUNG,45,IKAT,19
12/4/25,12/3/25,12/4/25,TTL,TEH BUNGA TELANG,51,GR,51
12/5/25,12/4/25,12/5/25,SYR,SAYUR,44,IKAT,7
12/12/25,12/11/25,12/12/25,MDT,MEDIA TANAM,15,SACK,15
12/13/25,12/15/25,12/16/25,BYM,BAYAM,77,IKAT,4
12/16/25,12/15/25,12/16/25,BYM,BAYAM,85,IKAT,6
12/19/25,12/18/25,12/19/25,HSP,HASIL PANEN,25,IKAT,14
12/20/25,12/22/25,12/24/25,PLB,PERMEN LIDAH BUAYA,42,GR,42
12/21/25,12/23/25,12/24/25,PLB,PERMEN LIDAH BUAYA,36.7,GR,8
01/27/26,01/29/26,01/30/26,PPK,PUPUK,16.5,SACK,3
01/30/26,01/29/26,01/30/26,PPK,PUPUK,55,SACK,55
02/2/26,02/3/26,02/4/26,MNM,MINUMAN,40,BOTOL,40
02/4/26,02/3/26,02/4/26,CKP,COKLAT PERMEN,238,GR,238
02/4/26,02/3/26,02/4/26,JHE,JAHE,45,GR,45
02/4/26,02/3/26,02/4/26,KRY,KERIPIK BAYAM,33,GR,33
02/16/26,02/15/26,02/16/26,LBP,LABU PRIDA,24,KG,12
03/16/26,03/15/26,03/16/26,PSK,PISANG KEPOK,62,SISIR,32
03/26/26,03/28/26,03/30/26,MLB,MINUMAN LIDAH BUAYA,123,BOTOL,123
03/27/26,03/29/26,03/30/26,MLB,MINUMAN LIDAH BUAYA,51.3,BOTOL,4
03/29/26,03/28/26,03/29/26,PMJ,PERMEN JELLY,31,GR,31
04/8/26,04/10/26,04/11/26,MDT,MEDIA TANAM,342,SACK,2
04/11/26,04/10/26,04/11/26,MDT,MEDIA TANAM,31,SACK,31
05/6/26,05/8/26,05/9/26,KJG,KERIPIK JAGUNG GEPREK,6,GR,2
05/8/26,05/10/26,05/12/26,MNJ,MINUMAN JERUK,26,BOTOL,26
05/9/26,05/8/26,05/9/26,KJG,KERIPIK JAGUNG GEPREK,29,GR,29
05/9/26,05/8/26,05/9/26,KMG,KEMANGI,24,IKAT,24
05/9/26,05/11/26,05/12/26,CRG,CIRENG,7,PCS,2
05/9/26,05/11/26,05/12/26,GRG,GORENGAN,3,PCS,2
05/9/26,05/11/26,05/12/26,KCT,KACANG TELOR,7,GR,2
05/9/26,05/11/26,05/12/26,MNJ,MINUMAN JERUK,10,BOTOL,2
05/9/26,05/11/26,05/12/26,MNT,MINUMAN TIMUN,11,BOTOL,2
05/9/26,05/11/26,05/12/26,RJK,RUJAK KANGKUNG,5,PORSI,2
05/10/26,05/11/26,05/12/26,MNT,MINUMAN TIMUN,24,BOTOL,24
05/11/26,05/13/26,05/14/26,KKG,KANGKUNG,118.3,IKAT,5
05/12/26,05/11/26,05/12/26,CRG,CIRENG,42,PCS,42
05/12/26,05/11/26,05/12/26,GRG,GORENGAN,61,PCS,61
05/12/26,05/11/26,05/12/26,KCT,KACANG TELOR,28,GR,28
05/12/26,05/11/26,05/12/26,RJK,RUJAK KANGKUNG,58,PORSI,58
05/12/26,05/14/26,05/15/26,BMG,BAWANG MERAH GORENG,7,GR,2
05/12/26,05/14/26,05/15/26,KRL,KERIPIK LABU,4,GR,2
05/14/26,05/13/26,05/14/26,KKG,KANGKUNG,84,IKAT,84
05/15/26,05/14/26,05/15/26,BMG,BAWANG MERAH GORENG,39,GR,39
05/15/26,05/14/26,05/15/26,KRL,KERIPIK LABU,34,GR,34
06/8/26,06/7/26,06/8/26,MDT,MEDIA TANAM,22,SACK,6
06/19/26,06/21/26,06/22/26,MLB,MINUMAN LIDAH BUAYA,39,BOTOL,5
07/12/26,07/14/26,07/17/26,LDB,LIDAH BUAYA,37,KG,15
07/14/26,07/13/26,07/14/26,MDT,MEDIA TANAM,20,SACK,4
07/14/26,07/16/26,07/17/26,LDB,LIDAH BUAYA,49.5,KG,3
07/20/26,07/19/26,07/20/26,LBP,LABU PRIDA,21,KG,14
07/20/26,07/19/26,07/20/26,PSK,PISANG KEPOK,48,SISIR,15
08/9/26,08/8/26,08/9/26,MDT,MEDIA TANAM,24,SACK,24
08/19/26,08/21/26,08/22/26,KKG,KANGKUNG,73,IKAT,6
08/22/26,08/21/26,08/22/26,KKG,KANGKUNG,72,IKAT,15
09/26/26,09/25/26,09/26/26,PSK,PISANG KEPOK,20,SISIR,15
10/6/26,10/5/26,10/6/26,MDT,MEDIA TANAM,16,SACK,16
10/20/26,10/19/26,10/20/26,KKG,KANGKUNG,44,IKAT,13